"DISTRICT","COUNTY","SYP_NO","ROUTE_PREFIX","ROUTE_NO","ROUTE","TYPE_WORK","BMP","EMP","DESCRIPTION","BRIDGE_ID","ENACT_INITIAL_YEAR","ENACT_YEAR","ENACT_PHASE","FUND_CODE","RSY_FUND","RSY_YEAR","LATEST_LETTING_DATE","AWARDED","NUMBER_OF_LETTINGS"
"District 11","Bell","11-00167.00","KY","74","KY-74","BIKE/PED FACIL(O)","15.19","16.75","ENHANCING CUMBERLAND AVENUE FROM US 25E TO 18TH STREET WITH STREET IMPROVEMENTS FOR VEHICLE AND PEDESTRIANS, AS WELL AS STORM WATER MANAGEMENT TO IMPROVE SAFETY, CONGESTION, AND ENVIRONMENTAL IMPACT. (2020CCR) (2024CCR)","","2020","2026","C","SPP","17580000","2029","","",""
"District 11","Bell","11-00167.00","KY","74","KY-74","BIKE/PED FACIL(O)","15.19","16.75","ENHANCING CUMBERLAND AVENUE FROM US 25E TO 18TH STREET WITH STREET IMPROVEMENTS FOR VEHICLE AND PEDESTRIANS, AS WELL AS STORM WATER MANAGEMENT TO IMPROVE SAFETY, CONGESTION, AND ENVIRONMENTAL IMPACT. (2020CCR) (2024CCR)","","2020","2026","R","SPP","580000","2026","","",""
"District 11","Bell","11-00167.00","KY","74","KY-74","BIKE/PED FACIL(O)","15.19","16.75","ENHANCING CUMBERLAND AVENUE FROM US 25E TO 18TH STREET WITH STREET IMPROVEMENTS FOR VEHICLE AND PEDESTRIANS, AS WELL AS STORM WATER MANAGEMENT TO IMPROVE SAFETY, CONGESTION, AND ENVIRONMENTAL IMPACT. (2020CCR) (2024CCR)","","2020","2026","U","SPP","3860000","2029","","",""
"District 11","Bell","11-04395.00","KY","2011","KY-2011","SAF-GUARDRAIL(P)","2.39","2.71","INSTALL GUARDRAIL ON KY-2011   IN BELL COUNTY","","2020","2026","C","GR","80000","2026","","",""
"District 11","Bell","11-04397.00","KY","66","KY-66","SAF-GUARDRAIL(P)","16.23","16.69","INSTALL GUARDRAIL ON KY-66   IN BELL COUNTY","","2020","2026","C","GR","110000","2026","","",""
"District 11","Bell","11-08702.00","US","119","US-119","MINOR WIDENING(O)","3.7","5.2","PROVIDE PASSING OPPORTUNITIES ON US 119 IN THE VICINITY OF MP 4.5 IN BELL COUNTY. (12CCN)(14CCR) (2020CCN) (2024CCR)","","2012","2026","U","SPP","610000","2029","","",""
"District 11","Bell","11-08702.00","US","119","US-119","MINOR WIDENING(O)","3.7","5.2","PROVIDE PASSING OPPORTUNITIES ON US 119 IN THE VICINITY OF MP 4.5 IN BELL COUNTY. (12CCN)(14CCR) (2020CCN) (2024CCR)","","2012","2026","R","SPP","1240000","2029","","",""
"District 11","Bell","11-08702.00","US","119","US-119","MINOR WIDENING(O)","3.7","5.2","PROVIDE PASSING OPPORTUNITIES ON US 119 IN THE VICINITY OF MP 4.5 IN BELL COUNTY. (12CCN)(14CCR) (2020CCN) (2024CCR)","","2012","2026","C","SPP","5600000","2030","","",""
"District 11","Bell","11-10101.00","CS","2222","CS-2222","AM-BRIDGE (P)","0.245","0.265","BRIDGE PROJECT IN BELL COUNTY ON (007C00072N) 17TH STREET AT YELLOW CREEK","007C00072N","2022","2026","D","BRZ","90720","2029","","",""
"District 11","Bell","11-10101.00","CS","2222","CS-2222","AM-BRIDGE (P)","0.245","0.265","BRIDGE PROJECT IN BELL COUNTY ON (007C00072N) 17TH STREET AT YELLOW CREEK","007C00072N","2022","2026","C","BRZ","604802","2029","","",""
"District 11","Bell","11-10167.00","KY","66","KY-66","AM-BRIDGE (P)","6.774","6.792","BRIDGE PROJECT IN BELL COUNTY ON (007B00007N) KY-66 AT SIMS FORK","007B00007N","2022","2026","D","FBP","250108","2032","","",""
"District 11","Bell","11-10167.00","KY","66","KY-66","AM-BRIDGE (P)","6.774","6.792","BRIDGE PROJECT IN BELL COUNTY ON (007B00007N) KY-66 AT SIMS FORK","007B00007N","2022","2026","C","FBP","1667385","2032","","",""
"District 11","Bell","11-10169.00","US","25","US-25","AM-BRIDGE (P)","6.211","6.265","BRIDGE PROJECT IN BELL COUNTY ON (007B00024L) US-25E-10 AT YELLOW CREEK","007B00024L","2022","2026","D","BRO","805362","2032","","",""
"District 11","Bell","11-10170.00","KY","1534","KY-1534","AM-BRIDGE (P)","4.106","4.11","BRIDGE PROJECT IN BELL COUNTY ON (007B00051N) KY-1534 AT WILLIAMS BRANCH","007B00051N","2022","2026","C","BRX","650440","2031","","",""
"District 11","Bell","11-10170.00","KY","1534","KY-1534","AM-BRIDGE (P)","4.106","4.11","BRIDGE PROJECT IN BELL COUNTY ON (007B00051N) KY-1534 AT WILLIAMS BRANCH","007B00051N","2022","2026","D","BRX","97566","2031","","",""
"District 11","Bell","11-10171.00","KY","66","KY-66","AM-BRIDGE (P)","17.921","17.929","BRIDGE PROJECT IN BELL COUNTY ON (007B00055N) KY-66 AT RED BIRD CREEK","007B00055N","2022","2026","C","BRX","1046035","2028","","",""
"District 11","Bell","11-10171.00","KY","66","KY-66","AM-BRIDGE (P)","17.921","17.929","BRIDGE PROJECT IN BELL COUNTY ON (007B00055N) KY-66 AT RED BIRD CREEK","007B00055N","2022","2026","R","BRX","10000","2028","","",""
"District 11","Bell","11-10171.00","KY","66","KY-66","AM-BRIDGE (P)","17.921","17.929","BRIDGE PROJECT IN BELL COUNTY ON (007B00055N) KY-66 AT RED BIRD CREEK","007B00055N","2022","2026","U","BRX","10000","2028","","",""
"District 11","Bell","11-10239.00","KY","217","KY-217","AM-BRIDGE (P)","8.771","8.783","BRIDGE PROJECT IN BELL COUNTY ON (007C00072N) 17TH STREET AT YELLOW CREEK","007C00072N","2026","2026","C","FBP","1349640","2028","","",""
"District 11","Bell","11-10239.00","KY","217","KY-217","AM-BRIDGE (P)","8.771","8.783","BRIDGE PROJECT IN BELL COUNTY ON (007C00072N) 17TH STREET AT YELLOW CREEK","007C00072N","2026","2026","D","FBP","202446","2028","","",""
"District 11","Bell","11-22303.00","US","119","US-119","AM-PAVEMENT (PRI)(P)","13.885","15.88","ADDRESS CONDITION OF US-119 FROM MILEPOINT 13.88 TO MILEPOINT 15.88","","2022","2026","C","STP","3661186","2027","","",""
"District 11","Bell","11-22303.00","US","119","US-119","AM-PAVEMENT (PRI)(P)","13.885","15.88","ADDRESS CONDITION OF US-119 FROM MILEPOINT 13.88 TO MILEPOINT 15.88","","2022","2026","D","STP","318364","2027","","",""
"District 11","Bell","11-80300.00","US","119","US-119","PLANNING-OKI(O)","0.0","8.0","Improve mobility by constructing a 2+1 road on US 119 in Bell County by adding a continuous third lane that serves as an alternate passing lane (MP 3.5 - 9.3). (2024CCN)","","2024","2026","D","NH","2330000","2027","","",""
"District 11","Bell","11-80300.00","US","119","US-119","PLANNING-OKI(O)","0.0","8.0","Improve mobility by constructing a 2+1 road on US 119 in Bell County by adding a continuous third lane that serves as an alternate passing lane (MP 3.5 - 9.3). (2024CCN)","","2024","2026","U","NH","2320000","2031","","",""
"District 11","Bell","11-80300.00","US","119","US-119","PLANNING-OKI(O)","0.0","8.0","Improve mobility by constructing a 2+1 road on US 119 in Bell County by adding a continuous third lane that serves as an alternate passing lane (MP 3.5 - 9.3). (2024CCN)","","2024","2026","R","NH","2400000","2030","","",""
"District 11","Bell","11-80300.00","US","119","US-119","PLANNING-OKI(O)","0.0","8.0","Improve mobility by constructing a 2+1 road on US 119 in Bell County by adding a continuous third lane that serves as an alternate passing lane (MP 3.5 - 9.3). (2024CCN)","","2024","2026","C","NH","30000000","2032","","",""
"District 11","Bell","11-80400.00","US","25","US-25","PLANNING-OKI(O)","1.7","18.651","Corridor study of US25E through Bell & Knox to determine locations for the installation of RCUTs (approximately 43 miles of roadway). (2026CCN)","","2026","2026","P","SPP","350000","2029","","",""
"District 11","Bell","11-80419.00","US","25","US-25","CONGESTION MITIGTN(O)","1.7","2.8","Improve safety and reduce congestion on US 25E from KY 74 to KY 441 (MP 1.70 to 2.80) (2026CCN)","","2026","2026","U","SPP","1000000","2029","","",""
"District 11","Bell","11-80419.00","US","25","US-25","CONGESTION MITIGTN(O)","1.7","2.8","Improve safety and reduce congestion on US 25E from KY 74 to KY 441 (MP 1.70 to 2.80) (2026CCN)","","2026","2026","C","SPP","12000000","2030","","",""
"District 11","Bell","11-80419.00","US","25","US-25","CONGESTION MITIGTN(O)","1.7","2.8","Improve safety and reduce congestion on US 25E from KY 74 to KY 441 (MP 1.70 to 2.80) (2026CCN)","","2026","2026","R","SPP","1000000","2029","","",""
"District 11","Bell","11-80419.00","US","25","US-25","CONGESTION MITIGTN(O)","1.7","2.8","Improve safety and reduce congestion on US 25E from KY 74 to KY 441 (MP 1.70 to 2.80) (2026CCN)","","2026","2026","D","SPP","750000","2029","","",""
"District 11","Bell","11-80420.00","KY","441","KY-441","SPOT IMPROVEMENTS(O)","4.25","4.3","Improvement of existing KY 441/KY 2402 intersection (MP 4.25) (2026CCN)","","2026","2026","C","SPP","4000000","2031","","",""
"District 11","Bell","11-80420.00","KY","441","KY-441","SPOT IMPROVEMENTS(O)","4.25","4.3","Improvement of existing KY 441/KY 2402 intersection (MP 4.25) (2026CCN)","","2026","2026","R","SPP","500000","2029","","",""
"District 11","Bell","11-80420.00","KY","441","KY-441","SPOT IMPROVEMENTS(O)","4.25","4.3","Improvement of existing KY 441/KY 2402 intersection (MP 4.25) (2026CCN)","","2026","2026","U","SPP","300000","2030","","",""
"District 11","Bell","11-80420.00","KY","441","KY-441","SPOT IMPROVEMENTS(O)","4.25","4.3","Improvement of existing KY 441/KY 2402 intersection (MP 4.25) (2026CCN)","","2026","2026","D","SPP","500000","2029","","",""
"District 11","Bell","11-80421.00","US","25","US-25","SAFETY(P)","10.18","10.28","Improve safety at existing Bell County School Bus Garage, construct turn lane and acceleration lane on US 25E (MP 10.18 to 10.28 (2026CCN)","","2026","2026","C","CRP","150000","2028","","",""
"District 11","Clay","11-08003.10","US","421","US-421","RECONSTRUCTION(O)","14.3","15.4","IMPROVE US 421 FROM GOOSE CREEK BRIDGE (MP 15.4) TO CHOP BOTTOM RD (MP 14.3) INCLUDING RECONSTRUCTION OF HIGHWAY/RAIL GRADE CROSSING ON KY-1999 AT THE INTERSECTION WITH US-421 AND KY-80 (2022CCN) (2024CCR)","","2022","2026","C","CRP","14000000","2027","","",""
"District 11","Clay","11-08861.00","KY","638","KY-638","SAFETY(P)","6.7","7.1","IMPROVE SAFETY AND SIGHT DISTANCE ALONG KY 638 (MP 6.7 TO MP 7.1) AND ITS INTERSECTION WITH KY 3476. (14CCN)(18CCN)  (2020CCR)","","2014","2026","C","SPP","1560000","2032","","",""
"District 11","Clay","11-08861.00","KY","638","KY-638","SAFETY(P)","6.7","7.1","IMPROVE SAFETY AND SIGHT DISTANCE ALONG KY 638 (MP 6.7 TO MP 7.1) AND ITS INTERSECTION WITH KY 3476. (14CCN)(18CCN)  (2020CCR)","","2014","2026","R","SPP","160000","2030","","",""
"District 11","Clay","11-08861.00","KY","638","KY-638","SAFETY(P)","6.7","7.1","IMPROVE SAFETY AND SIGHT DISTANCE ALONG KY 638 (MP 6.7 TO MP 7.1) AND ITS INTERSECTION WITH KY 3476. (14CCN)(18CCN)  (2020CCR)","","2014","2026","D","SPP","80000","2029","","",""
"District 11","Clay","11-08861.00","KY","638","KY-638","SAFETY(P)","6.7","7.1","IMPROVE SAFETY AND SIGHT DISTANCE ALONG KY 638 (MP 6.7 TO MP 7.1) AND ITS INTERSECTION WITH KY 3476. (14CCN)(18CCN)  (2020CCR)","","2014","2026","U","SPP","340000","2031","","",""
"District 11","Clay","11-08864.00","CR","1286","CR-1286","SAFETY(P)","0.0","3.067","IMPROVE GEOMETRICS ALONG URBAN CREEK ROAD (CR 1286) AND, INCLUDING INTERSECTIONS AT HAL ROGERS PARKWAY AND KY 687. (14CCN)(18CCN)  (2020CCR)","","2014","2026","C","SPP","12950000","2026","","",""
"District 11","Clay","11-08910.00","HR","9006","HR-9006","MAJOR WIDENING(O)","10.593","21.498","UPGRADE ROUTE FROM SOMERSET TO HAZARD TO INTERSTATE STANDARDS: 4 LANE FROM CLAY/LAUREL LINE TO MANCHESTER (JUST PAST EXIT 20 AT BRIDGE OVER KY 80/US 421), MP 10.593 TO MP 21.498 (SEGMENT 7). (16CCN)(18CCN) (2020CCR) (2024CCR) (2026CCR)","","2016","2026","D","NH","1000000","2029","","",""
"District 11","Clay","11-08910.00","HR","9006","HR-9006","MAJOR WIDENING(O)","10.593","21.498","UPGRADE ROUTE FROM SOMERSET TO HAZARD TO INTERSTATE STANDARDS: 4 LANE FROM CLAY/LAUREL LINE TO MANCHESTER (JUST PAST EXIT 20 AT BRIDGE OVER KY 80/US 421), MP 10.593 TO MP 21.498 (SEGMENT 7). (16CCN)(18CCN) (2020CCR) (2024CCR) (2026CCR)","","2016","2026","U","SPP","11000000","2029","","",""
"District 11","Clay","11-08910.00","HR","9006","HR-9006","MAJOR WIDENING(O)","10.593","21.498","UPGRADE ROUTE FROM SOMERSET TO HAZARD TO INTERSTATE STANDARDS: 4 LANE FROM CLAY/LAUREL LINE TO MANCHESTER (JUST PAST EXIT 20 AT BRIDGE OVER KY 80/US 421), MP 10.593 TO MP 21.498 (SEGMENT 7). (16CCN)(18CCN) (2020CCR) (2024CCR) (2026CCR)","","2016","2026","R","SPP","15000000","2029","","",""
"District 11","Clay","11-08910.00","HR","9006","HR-9006","MAJOR WIDENING(O)","10.593","21.498","UPGRADE ROUTE FROM SOMERSET TO HAZARD TO INTERSTATE STANDARDS: 4 LANE FROM CLAY/LAUREL LINE TO MANCHESTER (JUST PAST EXIT 20 AT BRIDGE OVER KY 80/US 421), MP 10.593 TO MP 21.498 (SEGMENT 7). (16CCN)(18CCN) (2020CCR) (2024CCR) (2026CCR)","","2016","2026","C","SPP","98000000","2030","","",""
"District 11","Clay","11-08911.00","HR","9006","HR-9006","MAJOR WIDENING(O)","21.498","35.929","UPGRADE ROUTE FROM SOMERSET TO HAZARD TO INTERSTATE STANDARDS: 4 LANE FROM MANCHESTER TO CLAY/LESLIE LINE; MP 21.498 TO MP 35.929 (SEGMENT 8) (16CCN)(18CCN) (2024CCR)","","2016","2026","D","NH","1000000","2029","","",""
"District 11","Clay","11-08911.00","HR","9006","HR-9006","MAJOR WIDENING(O)","21.498","35.929","UPGRADE ROUTE FROM SOMERSET TO HAZARD TO INTERSTATE STANDARDS: 4 LANE FROM MANCHESTER TO CLAY/LESLIE LINE; MP 21.498 TO MP 35.929 (SEGMENT 8) (16CCN)(18CCN) (2024CCR)","","2016","2026","R","SPP","18000000","2031","","",""
"District 11","Clay","11-08911.00","HR","9006","HR-9006","MAJOR WIDENING(O)","21.498","35.929","UPGRADE ROUTE FROM SOMERSET TO HAZARD TO INTERSTATE STANDARDS: 4 LANE FROM MANCHESTER TO CLAY/LESLIE LINE; MP 21.498 TO MP 35.929 (SEGMENT 8) (16CCN)(18CCN) (2024CCR)","","2016","2026","U","SPP","5000000","2032","","",""
"District 11","Clay","11-10176.00","US","421","US-421","AM-BRIDGE (P)","4.162","4.168","BRIDGE PROJECT IN CLAY COUNTY ON (026B00012N) US-421 AT RICE BRANCH","026B00012N","2022","2026","R","BRX","10000","2028","","",""
"District 11","Clay","11-10176.00","US","421","US-421","AM-BRIDGE (P)","4.162","4.168","BRIDGE PROJECT IN CLAY COUNTY ON (026B00012N) US-421 AT RICE BRANCH","026B00012N","2022","2026","U","BRX","10000","2028","","",""
"District 11","Clay","11-10176.00","US","421","US-421","AM-BRIDGE (P)","4.162","4.168","BRIDGE PROJECT IN CLAY COUNTY ON (026B00012N) US-421 AT RICE BRANCH","026B00012N","2022","2026","C","BRX","717551","2028","","",""
"District 11","Clay","11-10178.00","KY","66","KY-66","AM-BRIDGE (P)","20.996","21.002","BRIDGE PROJECT IN CLAY COUNTY ON (026B00050N) KY-66 AT JACKS CREEK","026B00050N","2022","2026","C","BRX","1074388","2028","","",""
"District 11","Clay","11-10178.00","KY","66","KY-66","AM-BRIDGE (P)","20.996","21.002","BRIDGE PROJECT IN CLAY COUNTY ON (026B00050N) KY-66 AT JACKS CREEK","026B00050N","2022","2026","U","BRX","10000","2028","","",""
"District 11","Clay","11-10178.00","KY","66","KY-66","AM-BRIDGE (P)","20.996","21.002","BRIDGE PROJECT IN CLAY COUNTY ON (026B00050N) KY-66 AT JACKS CREEK","026B00050N","2022","2026","R","BRX","10000","2028","","",""
"District 11","Clay","11-10179.00","KY","2438","KY-2438","AM-BRIDGE (P)","0.011","0.065","BRIDGE PROJECT IN CLAY COUNTY ON (026B00057N) KY-2438 AT GOOSE CREEK & WALK PATH","026B00057N","2022","2026","D","BRX","1213977","2031","","",""
"District 11","Clay","11-10180.00","KY","1482","KY-1482","AM-BRIDGE (P)","8.5","8.506","BRIDGE PROJECT IN CLAY COUNTY ON (026B00060N) KY-1482 AT LITTLE BULLSKIN CREEK (2026CCR)","026B00060N","2022","2026","D","BRX","121086","2032","","",""
"District 11","Clay","11-10180.00","KY","1482","KY-1482","AM-BRIDGE (P)","8.5","8.506","BRIDGE PROJECT IN CLAY COUNTY ON (026B00060N) KY-1482 AT LITTLE BULLSKIN CREEK (2026CCR)","026B00060N","2022","2026","C","BRX","807242","2032","","",""
"District 11","Clay","11-10181.00","HR","9006","HR-9006","AM-BRIDGE (P)","21.651","21.745","BRIDGE PROJECT IN CLAY COUNTY ON (026B00073N) HR-9006 AT CSX RR-HAM BR RD-GOOSE C","026B00073N","2022","2026","D","BRO","1534312","2032","","",""
"District 11","Clay","11-10183.00","KY","3478","KY-3478","AM-BRIDGE (P)","4.1","4.112","BRIDGE PROJECT IN CLAY COUNTY ON (026B00102N) KY-3478 AT ROBINSON CREEK","026B00102N","2022","2026","C","FBP","1197806","2032","","",""
"District 11","Clay","11-10183.00","KY","3478","KY-3478","AM-BRIDGE (P)","4.1","4.112","BRIDGE PROJECT IN CLAY COUNTY ON (026B00102N) KY-3478 AT ROBINSON CREEK","026B00102N","2022","2026","D","FBP","179671","2032","","",""
"District 11","Clay","11-10184.00","CR","1114","CR-1114","AM-BRIDGE (P)","0.038","0.052","BRIDGE PROJECT IN CLAY COUNTY ON (026C00016N) FRANK BOWLING ROAD AT REDBIRD RIVER","026C00016N","2022","2026","U","FBP","10000","2031","","",""
"District 11","Clay","11-10184.00","CR","1114","CR-1114","AM-BRIDGE (P)","0.038","0.052","BRIDGE PROJECT IN CLAY COUNTY ON (026C00016N) FRANK BOWLING ROAD AT REDBIRD RIVER","026C00016N","2022","2026","C","FBP","1045350","2031","","",""
"District 11","Clay","11-10184.00","CR","1114","CR-1114","AM-BRIDGE (P)","0.038","0.052","BRIDGE PROJECT IN CLAY COUNTY ON (026C00016N) FRANK BOWLING ROAD AT REDBIRD RIVER","026C00016N","2022","2026","R","FBP","10000","2031","","",""
"District 11","Clay","11-10185.00","CR","1155","CR-1155","AM-BRIDGE (P)","0.004","0.012","BRIDGE PROJECT IN CLAY COUNTY ON (026C00072N) CR-1155 AT MILL CREEK (2026CCR)","026C00072N","2022","2026","C","FBP","410400","2027","","",""
"District 11","Clay","11-10185.00","CR","1155","CR-1155","AM-BRIDGE (P)","0.004","0.012","BRIDGE PROJECT IN CLAY COUNTY ON (026C00072N) CR-1155 AT MILL CREEK (2026CCR)","026C00072N","2022","2026","R","FBP","5000","2027","","",""
"District 11","Clay","11-10185.00","CR","1155","CR-1155","AM-BRIDGE (P)","0.004","0.012","BRIDGE PROJECT IN CLAY COUNTY ON (026C00072N) CR-1155 AT MILL CREEK (2026CCR)","026C00072N","2022","2026","U","FBP","10000","2027","","",""
"District 11","Clay","11-10186.00","CR","1150","CR-1150","AM-BRIDGE (P)","0.049","0.073","BRIDGE PROJECT IN CLAY COUNTY ON (026C00125N) CR-1150 AT RED BIRD","026C00125N","2022","2026","C","FBP","630000","2027","","",""
"District 11","Clay","11-20042.00","HR","9006","HR-9006","AM-PAVEMENT (PKY)(P)","27.785","35.929","ADDRESS CONDITION OF Hal Rogers Daniel Boone Parkway FROM MILEPOINT 27.785 TO MILEPOINT 35.929","","2026","2026","D","STP","180000","2029","","",""
"District 11","Clay","11-20042.00","HR","9006","HR-9006","AM-PAVEMENT (PKY)(P)","27.785","35.929","ADDRESS CONDITION OF Hal Rogers Daniel Boone Parkway FROM MILEPOINT 27.785 TO MILEPOINT 35.929","","2026","2026","C","STP","1780000","2030","","",""
"District 11","Clay","11-80251.00","US","421","US-421","NEW ROUTE(O)","17.4","17.7","CONSTRUCT NEW CONNECTOR ROAD BETWEEN US 421 AT MP 17.51 TO RAILROAD AVE. AT MP 0.1. THIS WILL REQUIRE APPROXIMATELY 300' OF NEW ROADWAY ALONG THE CONNECTOR, A 450' 3-LANE BRIDGE, NEW RIGHT TURN LANE ON US 421 AND NEW TRAFFIC SIGNALS AT PROPOSED INTERSECTI","","2022","2026","R","SPP","410000","2028","","",""
"District 11","Clay","11-80251.00","US","421","US-421","NEW ROUTE(O)","17.4","17.7","CONSTRUCT NEW CONNECTOR ROAD BETWEEN US 421 AT MP 17.51 TO RAILROAD AVE. AT MP 0.1. THIS WILL REQUIRE APPROXIMATELY 300' OF NEW ROADWAY ALONG THE CONNECTOR, A 450' 3-LANE BRIDGE, NEW RIGHT TURN LANE ON US 421 AND NEW TRAFFIC SIGNALS AT PROPOSED INTERSECTI","","2022","2026","C","SPP","3830000","2029","","",""
"District 11","Clay","11-80251.00","US","421","US-421","NEW ROUTE(O)","17.4","17.7","CONSTRUCT NEW CONNECTOR ROAD BETWEEN US 421 AT MP 17.51 TO RAILROAD AVE. AT MP 0.1. THIS WILL REQUIRE APPROXIMATELY 300' OF NEW ROADWAY ALONG THE CONNECTOR, A 450' 3-LANE BRIDGE, NEW RIGHT TURN LANE ON US 421 AND NEW TRAFFIC SIGNALS AT PROPOSED INTERSECTI","","2022","2026","U","SPP","390000","2028","","",""
"District 11","Clay","11-80251.00","US","421","US-421","NEW ROUTE(O)","17.4","17.7","CONSTRUCT NEW CONNECTOR ROAD BETWEEN US 421 AT MP 17.51 TO RAILROAD AVE. AT MP 0.1. THIS WILL REQUIRE APPROXIMATELY 300' OF NEW ROADWAY ALONG THE CONNECTOR, A 450' 3-LANE BRIDGE, NEW RIGHT TURN LANE ON US 421 AND NEW TRAFFIC SIGNALS AT PROPOSED INTERSECTI","","2022","2026","D","SPP","400000","2027","","",""
"District 11","Clay","11-80253.00","KY","3472","KY-3472","REALIGNMENT","1.7","3.229","IMPROVE GEOMETRIC ALIGNMENT FROM KY 3472 AT MP 1.7 CONTINUING PAST THE BERT. T. COMBS PARK TO THE INTERSECTION OF BEECH CREEK ROAD AND WHITE OAK ROAD. (APPROXIMATELY 1.5 MILES OF ROADWAY TO IMPROVE) (2022CCN)","","2022","2026","R","SPP","2000000","2029","","",""
"District 11","Clay","11-80253.00","KY","3472","KY-3472","REALIGNMENT","1.7","3.229","IMPROVE GEOMETRIC ALIGNMENT FROM KY 3472 AT MP 1.7 CONTINUING PAST THE BERT. T. COMBS PARK TO THE INTERSECTION OF BEECH CREEK ROAD AND WHITE OAK ROAD. (APPROXIMATELY 1.5 MILES OF ROADWAY TO IMPROVE) (2022CCN)","","2022","2026","C","SPP","14560000","2031","","",""
"District 11","Clay","11-80253.00","KY","3472","KY-3472","REALIGNMENT","1.7","3.229","IMPROVE GEOMETRIC ALIGNMENT FROM KY 3472 AT MP 1.7 CONTINUING PAST THE BERT. T. COMBS PARK TO THE INTERSECTION OF BEECH CREEK ROAD AND WHITE OAK ROAD. (APPROXIMATELY 1.5 MILES OF ROADWAY TO IMPROVE) (2022CCN)","","2022","2026","U","SPP","12760000","2030","","",""
"District 11","Clay","11-80254.00","CR","1004","CR-1004","REALIGNMENT","0.0","3.9","IMPROVE GEOMETRIC ALIGNMENT FROM THE INTERSECTION OF BEECH CREEK ROAD AND WHITE OAK ROAD TO KY-11 AT MP 14.24. (APPROXIMATELY 4.0 MILES OF ROAD WAY TO IMPROVE) (2022CCN)","","2022","2026","U","SPP","1250000","2030","","",""
"District 11","Clay","11-80254.00","CR","1004","CR-1004","REALIGNMENT","0.0","3.9","IMPROVE GEOMETRIC ALIGNMENT FROM THE INTERSECTION OF BEECH CREEK ROAD AND WHITE OAK ROAD TO KY-11 AT MP 14.24. (APPROXIMATELY 4.0 MILES OF ROAD WAY TO IMPROVE) (2022CCN)","","2022","2026","R","SPP","2200000","2029","","",""
"District 11","Clay","11-80254.00","CR","1004","CR-1004","REALIGNMENT","0.0","3.9","IMPROVE GEOMETRIC ALIGNMENT FROM THE INTERSECTION OF BEECH CREEK ROAD AND WHITE OAK ROAD TO KY-11 AT MP 14.24. (APPROXIMATELY 4.0 MILES OF ROAD WAY TO IMPROVE) (2022CCN)","","2022","2026","C","SPP","16000000","2031","","",""
"District 11","Clay","11-80352.00","HR","9006","HR-9006","PLANNING-OKI(O)","10.593","35.929","Preliminary Engineering and Environmental for Hal Rogers Parkway Improvement (HRPI) corridor from London to Hazard (BMP 3.887 to EMP 55.201) (IF-Potential RAISE GRANT) (2024CCN)","","2024","2026","D","IF","24960000","2027","","",""
"District 11","Clay","11-80356.00","KY","1524","KY-1524","GUARDRAIL REPLCMNT(P)","9.45","12.3","Install Guardrail on KY 1524 in Clay County (MP 9.45-12.3) (2024CCN)","","2024","2026","C","GR","90000","2026","","",""
"District 11","Clay","11-80411.00","KY","2076","KY-2076","REALIGNMENT","0.0","0.915","Improve geometrics and drainage, and add sidewalk. Improve shopping center intersection. (2026CCN)","","2026","2026","R","SPP","1000000","2030","","",""
"District 11","Clay","11-80411.00","KY","2076","KY-2076","REALIGNMENT","0.0","0.915","Improve geometrics and drainage, and add sidewalk. Improve shopping center intersection. (2026CCN)","","2026","2026","D","SPP","500000","2029","","",""
"District 11","Clay","11-80411.00","KY","2076","KY-2076","REALIGNMENT","0.0","0.915","Improve geometrics and drainage, and add sidewalk. Improve shopping center intersection. (2026CCN)","","2026","2026","C","SPP","6000000","2031","","",""
"District 11","Clay","11-80411.00","KY","2076","KY-2076","REALIGNMENT","0.0","0.915","Improve geometrics and drainage, and add sidewalk. Improve shopping center intersection. (2026CCN)","","2026","2026","U","SPP","600000","2030","","",""
"District 11","Clay","11-80423.00","CR","1082","CR-1082","BRIDGE REPLACEMENT(P)","0.05","0.1","Martin Cemetery Rd Bridge over Red Bird River Replacement 026C00158N (2026CCN)","026C00158N","2026","2026","D","FBP","100000","2027","","",""
"District 11","Clay","11-80423.00","CR","1082","CR-1082","BRIDGE REPLACEMENT(P)","0.05","0.1","Martin Cemetery Rd Bridge over Red Bird River Replacement 026C00158N (2026CCN)","026C00158N","2026","2026","C","FBP","630000","2027","","",""
"District 11","Clay","11-80423.00","CR","1082","CR-1082","BRIDGE REPLACEMENT(P)","0.05","0.1","Martin Cemetery Rd Bridge over Red Bird River Replacement 026C00158N (2026CCN)","026C00158N","2026","2026","U","FBP","100000","2027","","",""
"District 11","Clay","11-80425.00","CR","1156","CR-1156","BRIDGE REPLACEMENT(P)","0.15","0.175","Powder Horn Rd Bridge Replacement 026C00029N (2026CCN)","026C00029N","2026","2026","D","FBP","75000","2027","","",""
"District 11","Clay","11-80425.00","CR","1156","CR-1156","BRIDGE REPLACEMENT(P)","0.15","0.175","Powder Horn Rd Bridge Replacement 026C00029N (2026CCN)","026C00029N","2026","2026","R","FBP","10000","2027","","",""
"District 11","Clay","11-80425.00","CR","1156","CR-1156","BRIDGE REPLACEMENT(P)","0.15","0.175","Powder Horn Rd Bridge Replacement 026C00029N (2026CCN)","026C00029N","2026","2026","C","FBP","400000","2027","","",""
"District 11","Harlan","11-04370.00","KY","987","KY-987","SAF-GUARDRAIL(P)","17.18","17.58","INSTALL GUARDRAIL ON KY-987   IN HARLAN COUNTY (2024CCR)","","2020","2026","C","GR","90000","2026","","",""
"District 11","Harlan","11-04371.00","KY","987","KY-987","SAF-GUARDRAIL(P)","18.48","18.57","INSTALL GUARDRAIL ON KY-987   IN HARLAN COUNTY (2024CCR)","","2020","2026","C","GR","30000","2026","","",""
"District 11","Harlan","11-05012.00","US","421","US-421","LANDSLIDE REPAIR(P)","22.98","23.02","Address Slide on US 421 in Harlan County. (2026CCR)","","2026","2026","C","SPP","5040000","2029","","",""
"District 11","Harlan","11-10015.00","KY","2007","KY-2007","AM-BRIDGE (P)","3.204","3.214","BRIDGE PROJECT IN HARLAN COUNTY ON (048B00179N) KY-2007 AT WALLINS CREEK","048B00179N","2018","2026","C","BRX","966368","2026","","",""
"District 11","Harlan","11-10015.00","KY","2007","KY-2007","AM-BRIDGE (P)","3.204","3.214","BRIDGE PROJECT IN HARLAN COUNTY ON (048B00179N) KY-2007 AT WALLINS CREEK","048B00179N","2018","2026","D","BRX","144955","2026","","",""
"District 11","Harlan","11-10018.00","CS","1041","CS-1041","AM-BRIDGE (P)","0.126","0.182","ADDRESS DEFICIENCIES OF BRIDGE ON KENTUCKY AV OVER MARTINS FK CUMBERLAND RV (048C00067N) (2026CCR)","048C00067N","2018","2026","C","BRZ","6799950","2026","2025-08-21","Awarded","1"
"District 11","Harlan","11-10018.00","CS","1041","CS-1041","AM-BRIDGE (P)","0.126","0.182","ADDRESS DEFICIENCIES OF BRIDGE ON KENTUCKY AV OVER MARTINS FK CUMBERLAND RV (048C00067N) (2026CCR)","048C00067N","2018","2026","D","BRZ","1019992","2026","2025-08-21","Awarded","1"
"District 11","Harlan","11-10194.00","US","119","US-119","AM-BRIDGE (P)","35.566","35.656","BRIDGE PROJECT IN HARLAN COUNTY ON (048B00107N) US-119 AT POOR FK CUMBERLAND RVR","048B00107N","2022","2026","C","FBP","5500000","2031","","",""
"District 11","Harlan","11-10194.00","US","119","US-119","AM-BRIDGE (P)","35.566","35.656","BRIDGE PROJECT IN HARLAN COUNTY ON (048B00107N) US-119 AT POOR FK CUMBERLAND RVR","048B00107N","2022","2026","D","FBP","550000","2031","","",""
"District 11","Harlan","11-10233.00","KY","38","KY-38","AM-BRIDGE (P)","19.846","19.854","ADDRESS DEFICIENCIES OF BRIDGE ON KY 38 OVER Fanny Wynn Branch (048B00197N)","048B00197N","2024","2026","C","BRX","776000","2027","","",""
"District 11","Harlan","11-20040.00","US","119","US-119","AM-PAVEMENT (PRI)(P)","6.0","7.8","ADDRESS CONDITION OF US-119 FROM MILEPOINT 6 TO MILEPOINT 7.8","","2026","2026","D","STP","272000","2029","","",""
"District 11","Harlan","11-20040.00","US","119","US-119","AM-PAVEMENT (PRI)(P)","6.0","7.8","ADDRESS CONDITION OF US-119 FROM MILEPOINT 6 TO MILEPOINT 7.8","","2026","2026","C","STP","3128000","2030","","",""
"District 11","Harlan","11-20041.00","US","119","US-119","AM-PAVEMENT (PRI)(P)","26.0","28.066","ADDRESS CONDITION OF US-119 FROM MILEPOINT 26 TO MILEPOINT 28.066","","2026","2026","C","STP","3956000","2032","","",""
"District 11","Harlan","11-20041.00","US","119","US-119","AM-PAVEMENT (PRI)(P)","26.0","28.066","ADDRESS CONDITION OF US-119 FROM MILEPOINT 26 TO MILEPOINT 28.066","","2026","2026","D","STP","344000","2032","","",""
"District 11","Harlan","11-80257.00","KY","72","KY-72","RECONSTRUCTION(O)","4.6","5.0","EXTEND KY 72 FROM ALVA/BLACK STAR NEAR HARLAN /BELL COUNTY LINE TO LIGGETT WEST OF HARLAN CITY. APPROXIMATELY 5 MILES OF RECONSTRUCTION (2022CCN) (2024CCR)","","2022","2026","R","SPP","2000000","2030","","",""
"District 11","Harlan","11-80257.00","KY","72","KY-72","RECONSTRUCTION(O)","4.6","5.0","EXTEND KY 72 FROM ALVA/BLACK STAR NEAR HARLAN /BELL COUNTY LINE TO LIGGETT WEST OF HARLAN CITY. APPROXIMATELY 5 MILES OF RECONSTRUCTION (2022CCN) (2024CCR)","","2022","2026","D","SPP","1750000","2029","","",""
"District 11","Harlan","11-80257.00","KY","72","KY-72","RECONSTRUCTION(O)","4.6","5.0","EXTEND KY 72 FROM ALVA/BLACK STAR NEAR HARLAN /BELL COUNTY LINE TO LIGGETT WEST OF HARLAN CITY. APPROXIMATELY 5 MILES OF RECONSTRUCTION (2022CCN) (2024CCR)","","2022","2026","U","SPP","500000","2031","","",""
"District 11","Harlan","11-80257.00","KY","72","KY-72","RECONSTRUCTION(O)","4.6","5.0","EXTEND KY 72 FROM ALVA/BLACK STAR NEAR HARLAN /BELL COUNTY LINE TO LIGGETT WEST OF HARLAN CITY. APPROXIMATELY 5 MILES OF RECONSTRUCTION (2022CCN) (2024CCR)","","2022","2026","C","SPP","30000000","2032","","",""
"District 11","Harlan","11-80259.00","US","421","US-421","SPOT IMPROVEMENTS(O)","17.2","23.0","SPOT IMPROVEMENTS TO IMPROVE GEOMETRICS AT PARTICULAR LOCATIONS OF US 421 CROSSING OVER PINE MOUNTAIN BETWEEN US 119 AND KY 221 IN HARLAN COUNTY TO ADDRESS SAFETY CONCERNS. MILEPOINT 17.2 TO MILEPOINT 23.0 (2022CCN)","","2022","2026","U","SPP","800000","2029","","",""
"District 11","Harlan","11-80259.00","US","421","US-421","SPOT IMPROVEMENTS(O)","17.2","23.0","SPOT IMPROVEMENTS TO IMPROVE GEOMETRICS AT PARTICULAR LOCATIONS OF US 421 CROSSING OVER PINE MOUNTAIN BETWEEN US 119 AND KY 221 IN HARLAN COUNTY TO ADDRESS SAFETY CONCERNS. MILEPOINT 17.2 TO MILEPOINT 23.0 (2022CCN)","","2022","2026","R","SPP","750000","2026","","",""
"District 11","Harlan","11-80259.00","US","421","US-421","SPOT IMPROVEMENTS(O)","17.2","23.0","SPOT IMPROVEMENTS TO IMPROVE GEOMETRICS AT PARTICULAR LOCATIONS OF US 421 CROSSING OVER PINE MOUNTAIN BETWEEN US 119 AND KY 221 IN HARLAN COUNTY TO ADDRESS SAFETY CONCERNS. MILEPOINT 17.2 TO MILEPOINT 23.0 (2022CCN)","","2022","2026","C","SPP","13520000","2030","","",""
"District 11","Harlan","11-80260.00","KY","72","KY-72","RECONSTRUCTION(O)","4.6","5.0","TO IMPROVE ACCESS, CONNECTIVITY AND MOBILITY BY EXTENDING KY 72 FROM ALVA/BLACK STAR NEAR HARLAN/ BELL COUNTY LINE. RECONSTRUCT EXISTING COAL HAUL ROAD TO CONNECT KY 72 TO KY 72 (2022CCN) (2024CCR)","","2022","2026","D","SPP","1000000","2029","","",""
"District 11","Harlan","11-80260.00","KY","72","KY-72","RECONSTRUCTION(O)","4.6","5.0","TO IMPROVE ACCESS, CONNECTIVITY AND MOBILITY BY EXTENDING KY 72 FROM ALVA/BLACK STAR NEAR HARLAN/ BELL COUNTY LINE. RECONSTRUCT EXISTING COAL HAUL ROAD TO CONNECT KY 72 TO KY 72 (2022CCN) (2024CCR)","","2022","2026","R","SPP","500000","2030","","",""
"District 11","Harlan","11-80260.00","KY","72","KY-72","RECONSTRUCTION(O)","4.6","5.0","TO IMPROVE ACCESS, CONNECTIVITY AND MOBILITY BY EXTENDING KY 72 FROM ALVA/BLACK STAR NEAR HARLAN/ BELL COUNTY LINE. RECONSTRUCT EXISTING COAL HAUL ROAD TO CONNECT KY 72 TO KY 72 (2022CCN) (2024CCR)","","2022","2026","U","SPP","200000","2031","","",""
"District 11","Harlan","11-80260.00","KY","72","KY-72","RECONSTRUCTION(O)","4.6","5.0","TO IMPROVE ACCESS, CONNECTIVITY AND MOBILITY BY EXTENDING KY 72 FROM ALVA/BLACK STAR NEAR HARLAN/ BELL COUNTY LINE. RECONSTRUCT EXISTING COAL HAUL ROAD TO CONNECT KY 72 TO KY 72 (2022CCN) (2024CCR)","","2022","2026","C","SPP","8000000","2032","","",""
"District 11","Harlan","11-80358.00","KY","2010","KY-2010","SAFETY(P)","1.2","3.5","Spot improvements to widen at particular locations along KY 2010 to improve mobility and safety (2024CCN)","","2024","2026","D","SPP","520000","2029","","",""
"District 11","Harlan","11-80358.00","KY","2010","KY-2010","SAFETY(P)","1.2","3.5","Spot improvements to widen at particular locations along KY 2010 to improve mobility and safety (2024CCN)","","2024","2026","C","SPP","2000000","2031","","",""
"District 11","Harlan","11-80358.00","KY","2010","KY-2010","SAFETY(P)","1.2","3.5","Spot improvements to widen at particular locations along KY 2010 to improve mobility and safety (2024CCN)","","2024","2026","R","SPP","110000","2030","","",""
"District 11","Harlan","11-80359.00","KY","221","KY-221","SPOT IMPROVEMENTS(O)","10.0","17.5","Spot improvements to improve geometrics at particular locations of KY 221 to address safety concerns (MP 10 - 17.5) (2024CCN)","","2024","2026","D","SPP","520000","2029","","",""
"District 11","Harlan","11-80359.00","KY","221","KY-221","SPOT IMPROVEMENTS(O)","10.0","17.5","Spot improvements to improve geometrics at particular locations of KY 221 to address safety concerns (MP 10 - 17.5) (2024CCN)","","2024","2026","C","SPP","1300000","2032","","",""
"District 11","Harlan","11-80359.00","KY","221","KY-221","SPOT IMPROVEMENTS(O)","10.0","17.5","Spot improvements to improve geometrics at particular locations of KY 221 to address safety concerns (MP 10 - 17.5) (2024CCN)","","2024","2026","R","SPP","200000","2030","","",""
"District 11","Harlan","11-80359.00","KY","221","KY-221","SPOT IMPROVEMENTS(O)","10.0","17.5","Spot improvements to improve geometrics at particular locations of KY 221 to address safety concerns (MP 10 - 17.5) (2024CCN)","","2024","2026","U","SPP","200000","2031","","",""
"District 11","Harlan","11-80363.00","US","119","US-119","CONGESTION MITIGTN(O)","4.0","12.3","Construct various turn lanes along US 119 at the following highways - Camp O. Cumberlands, Billy G Hollow Road, KY 3467, Shewmaker Hollow, KY 3452 ad Tremont Lane (2024CCN)","","2024","2026","C","SAF","1040000","2026","","",""
"District 11","Harlan","11-80365.00","KY","38","KY-38","SAFETY(P)","0.0","29.474","Improve safety along KY 38, KY 221, KY 987, US 421, and KY 522 by removing trees (2024CCN)","","2024","2026","C","SPP","1000000","2029","","",""
"District 11","Harlan","11-80401.00","US","421","US-421","RECONSTRUCTION(O)","1.5","4.0","Reconstruct remaining unimproved section of US421 from the end of the progressive design-build project to Barn Branch (2026CCN)","","2026","2026","R","STP","2070000","2029","","",""
"District 11","Harlan","11-80401.00","US","421","US-421","RECONSTRUCTION(O)","1.5","4.0","Reconstruct remaining unimproved section of US421 from the end of the progressive design-build project to Barn Branch (2026CCN)","","2026","2026","C","STP","14130000","2031","","",""
"District 11","Harlan","11-80401.00","US","421","US-421","RECONSTRUCTION(O)","1.5","4.0","Reconstruct remaining unimproved section of US421 from the end of the progressive design-build project to Barn Branch (2026CCN)","","2026","2026","D","STP","2000000","2026","","",""
"District 11","Harlan","11-80401.00","US","421","US-421","RECONSTRUCTION(O)","1.5","4.0","Reconstruct remaining unimproved section of US421 from the end of the progressive design-build project to Barn Branch (2026CCN)","","2026","2026","U","STP","2000000","2029","","",""
"District 11","Jackson","11-04404.00","KY","89","KY-89","SAF-GUARDRAIL(P)","17.78","17.97","INSTALL GUARDRAIL ON KY-89   IN JACKSON COUNTY","","2020","2026","C","GR","40000","2026","","",""
"District 11","Jackson","11-10041.00","KY","89","KY-89","AM-BRIDGE (P)","0.0","0.01","BRIDGE PROJECT IN JACKSON COUNTY ON (055B00028N) KY-89 AT HORSE LICK CREEK","055B00028N","2018","2026","R","BRZ","2000","2026","","",""
"District 11","Jackson","11-10041.00","KY","89","KY-89","AM-BRIDGE (P)","0.0","0.01","BRIDGE PROJECT IN JACKSON COUNTY ON (055B00028N) KY-89 AT HORSE LICK CREEK","055B00028N","2018","2026","U","BRZ","5000","2026","","",""
"District 11","Jackson","11-10041.00","KY","89","KY-89","AM-BRIDGE (P)","0.0","0.01","BRIDGE PROJECT IN JACKSON COUNTY ON (055B00028N) KY-89 AT HORSE LICK CREEK","055B00028N","2018","2026","C","BRZ","1056128","2028","","",""
"District 11","Jackson","11-10198.00","US","421","US-421","AM-BRIDGE (P)","14.278","14.288","BRIDGE PROJECT IN JACKSON COUNTY ON (055B00001N) US-421 AT INDIAN CREEK","055B00001N","2022","2026","C","FBP","1540000","2026","","",""
"District 11","Jackson","11-80104.00","US","421","US-421","RECONSTRUCTION(O)","26.7","27.312","ADDRESS SUBSTANDARD HORIZONTAL AND VERTICAL ALIGNMENT OF US 421 IN THE CLOVER BOTTOM AREA NEAR THE STONE QUARRY. (2020CCN)","","2020","2026","R","SPP","1395500","2027","","",""
"District 11","Jackson","11-80104.00","US","421","US-421","RECONSTRUCTION(O)","26.7","27.312","ADDRESS SUBSTANDARD HORIZONTAL AND VERTICAL ALIGNMENT OF US 421 IN THE CLOVER BOTTOM AREA NEAR THE STONE QUARRY. (2020CCN)","","2020","2026","U","SPP","400000","2028","","",""
"District 11","Jackson","11-80104.00","US","421","US-421","RECONSTRUCTION(O)","26.7","27.312","ADDRESS SUBSTANDARD HORIZONTAL AND VERTICAL ALIGNMENT OF US 421 IN THE CLOVER BOTTOM AREA NEAR THE STONE QUARRY. (2020CCN)","","2020","2026","C","SPP","14360000","2030","","",""
"District 11","Jackson","11-80105.00","US","421","US-421","SAFETY","11.6","12.6","ADDRESS SAFETY ISSUES WITH VERTICAL AND HORIZONTAL ALIGNMENT ON US 421 FROM MP 11.6 EAST OF PILGRIMS REST RD TO MP 12.6 (2020CCN) (2024CCR)","","2020","2026","C","STP","13000000","2026","","",""
"District 11","Jackson","11-80261.00","KY","578","KY-578","REALIGNMENT","3.8","4.2","MOVE KY 578 OVER 10FT FOR IMPROVED SIGHT DISTANCE AND CREATE A BETTER APPROACH FOR MOORE CREEK GREEN HILL ROAD (2022CCN)","","2022","2026","R","SPP","60000","2027","","",""
"District 11","Jackson","11-80261.00","KY","578","KY-578","REALIGNMENT","3.8","4.2","MOVE KY 578 OVER 10FT FOR IMPROVED SIGHT DISTANCE AND CREATE A BETTER APPROACH FOR MOORE CREEK GREEN HILL ROAD (2022CCN)","","2022","2026","U","SPP","340000","2028","","",""
"District 11","Jackson","11-80261.00","KY","578","KY-578","REALIGNMENT","3.8","4.2","MOVE KY 578 OVER 10FT FOR IMPROVED SIGHT DISTANCE AND CREATE A BETTER APPROACH FOR MOORE CREEK GREEN HILL ROAD (2022CCN)","","2022","2026","C","SPP","1400000","2028","","",""
"District 11","Jackson","11-80313.00","KY","290","KY-290","REALIGNMENT","4.7","8.85","Improve the existing geometric alignments at two spot locations (MP 4.7-6.3 and 8.0-8.5) by realigning curves in high crash cluster areas and widening. Improve design speed to 45 mph along these two sections.  (2024CCN)","","2024","2026","C","SPP","5040000","2032","","",""
"District 11","Jackson","11-80313.00","KY","290","KY-290","REALIGNMENT","4.7","8.85","Improve the existing geometric alignments at two spot locations (MP 4.7-6.3 and 8.0-8.5) by realigning curves in high crash cluster areas and widening. Improve design speed to 45 mph along these two sections.  (2024CCN)","","2024","2026","D","SPP","1040000","2029","","",""
"District 11","Jackson","11-80313.00","KY","290","KY-290","REALIGNMENT","4.7","8.85","Improve the existing geometric alignments at two spot locations (MP 4.7-6.3 and 8.0-8.5) by realigning curves in high crash cluster areas and widening. Improve design speed to 45 mph along these two sections.  (2024CCN)","","2024","2026","U","SPP","1620000","2031","","",""
"District 11","Jackson","11-80313.00","KY","290","KY-290","REALIGNMENT","4.7","8.85","Improve the existing geometric alignments at two spot locations (MP 4.7-6.3 and 8.0-8.5) by realigning curves in high crash cluster areas and widening. Improve design speed to 45 mph along these two sections.  (2024CCN)","","2024","2026","R","SPP","1650000","2030","","",""
"District 11","Knox","11-00182.00","KY","312","KY-312","DESIGN ENGINEERING(O)","0.0","0.9","Drainage Improvements along KY 312 (Master Street) from MP 0 to MP 0.90 in Know County at Corbin, Kentucky. (2022BOP) (2024CCN)","","2024","2026","U","STP","1000000","2030","","",""
"District 11","Knox","11-00182.00","KY","312","KY-312","DESIGN ENGINEERING(O)","0.0","0.9","Drainage Improvements along KY 312 (Master Street) from MP 0 to MP 0.90 in Know County at Corbin, Kentucky. (2022BOP) (2024CCN)","","2024","2026","C","STP","4160000","2031","","",""
"District 11","Knox","11-00182.00","KY","312","KY-312","DESIGN ENGINEERING(O)","0.0","0.9","Drainage Improvements along KY 312 (Master Street) from MP 0 to MP 0.90 in Know County at Corbin, Kentucky. (2022BOP) (2024CCN)","","2024","2026","R","STP","750000","2029","","",""
"District 11","Knox","11-04373.00","KY","11","KY-11","SAF-GUARDRAIL(P)","4.77","4.9","INSTALL GUARDRAIL ON KY-11   IN KNOX COUNTY","","2020","2026","C","GR","30000","2026","","",""
"District 11","Knox","11-04379.00","KY","3438","KY-3438","SAF-GUARDRAIL(P)","3.45","3.5","INSTALL GUARDRAIL ON KY-3438   IN KNOX COUNTY","","2020","2026","C","GR","20000","2026","","",""
"District 11","Knox","11-04405.00","KY","11","KY-11","SAF-GUARDRAIL(P)","4.75","4.89","INSTALL GUARDRAIL ON KY-11   IN KNOX COUNTY","","2020","2026","C","GR","29000","2026","","",""
"District 11","Knox","11-08857.00","KY","3439","KY-3439","BIKE/PED FACIL(O)","0.0","0.9","IMPROVE SAFETY OF INTERSECTION AT US 25E AND KY 3439 AND PROVIDE SIDEWALKS TO AN AREA FREQUENTED BY PEDESTRIANS (MP 0.0 - MP 0.9) (2022CCR) (2024CCR)","","2014","2026","C","SPP","2920000","2027","","",""
"District 11","Knox","11-10201.00","KY","223","KY-223","AM-BRIDGE (P)","4.537","4.547","BRIDGE PROJECT IN KNOX COUNTY ON (061B00056N) KY-223 AT ROAD FK STINKING CREEK","061B00056N","2022","2026","C","BRX","1124700","2032","","",""
"District 11","Knox","11-10201.00","KY","223","KY-223","AM-BRIDGE (P)","4.537","4.547","BRIDGE PROJECT IN KNOX COUNTY ON (061B00056N) KY-223 AT ROAD FK STINKING CREEK","061B00056N","2022","2026","D","BRX","168705","2032","","",""
"District 11","Knox","11-10204.00","KY","3436","KY-3436","AM-BRIDGE (P)","5.332","5.35","BRIDGE PROJECT IN KNOX COUNTY ON (061B00093N) KY-3436 AT E.FK.LYNN CAMP CK","061B00093N","2022","2026","C","BRX","1019710","2031","","",""
"District 11","Knox","11-10204.00","KY","3436","KY-3436","AM-BRIDGE (P)","5.332","5.35","BRIDGE PROJECT IN KNOX COUNTY ON (061B00093N) KY-3436 AT E.FK.LYNN CAMP CK","061B00093N","2022","2026","D","BRX","152956","2031","","",""
"District 11","Knox","11-10205.00","CR","1532","CR-1532","AM-BRIDGE (P)","0.011","0.021","BRIDGE PROJECT IN KNOX COUNTY ON (061C00073N) CR-1532 AT STINKING CREEK","061C00073N","2022","2026","R","FBP","10000","2028","","",""
"District 11","Knox","11-10205.00","CR","1532","CR-1532","AM-BRIDGE (P)","0.011","0.021","BRIDGE PROJECT IN KNOX COUNTY ON (061C00073N) CR-1532 AT STINKING CREEK","061C00073N","2022","2026","U","FBP","10000","2028","","",""
"District 11","Knox","11-10205.00","CR","1532","CR-1532","AM-BRIDGE (P)","0.011","0.021","BRIDGE PROJECT IN KNOX COUNTY ON (061C00073N) CR-1532 AT STINKING CREEK","061C00073N","2022","2026","C","FBP","894355","2028","","",""
"District 11","Knox","11-80155.00","KY","1487","KY-1487","SAFETY(P)","0.369","1.176","IMPROVE SAFETY, ADDRESS GEOMETRIC DEFICIENCIES AND PROVIDE FLOOD MITIGATION ON KY 1487 (MANCHESTER STREET) FROM JUDGE STREET TO US 25E (2020CCN) (2022CCR) (2024CCR)","","2020","2026","C","CRP","7800000","2028","","",""
"District 11","Knox","11-80156.00","KY","830","KY-830","SAFETY(P)","4.775","6.566","IMPROVE SAFETY AND ADDRESS GEOMETRIC DEFICIENCIES ALONG N KY 830 FROM US 25E TO KY 1629 INCLUDING WIDENING AND NEW TURNING LANES (2020CCN) (2024CCR)","","2020","2026","R","SPP","350000","2029","","",""
"District 11","Knox","11-80156.00","KY","830","KY-830","SAFETY(P)","4.775","6.566","IMPROVE SAFETY AND ADDRESS GEOMETRIC DEFICIENCIES ALONG N KY 830 FROM US 25E TO KY 1629 INCLUDING WIDENING AND NEW TURNING LANES (2020CCN) (2024CCR)","","2020","2026","C","SPP","2080000","2030","","",""
"District 11","Knox","11-80156.00","KY","830","KY-830","SAFETY(P)","4.775","6.566","IMPROVE SAFETY AND ADDRESS GEOMETRIC DEFICIENCIES ALONG N KY 830 FROM US 25E TO KY 1629 INCLUDING WIDENING AND NEW TURNING LANES (2020CCN) (2024CCR)","","2020","2026","U","SPP","1250000","2029","","",""
"District 11","Knox","11-80203.00","KY","11","KY-11","SAFETY(P)","10.727","11.681","Improve safety and access along KY 11 by raising roadway above Flood X elevation. (2022CCN) (2024CCR)","","2022","2026","C","PRO","4890000","2030","","",""
"District 11","Knox","11-80203.00","KY","11","KY-11","SAFETY(P)","10.727","11.681","Improve safety and access along KY 11 by raising roadway above Flood X elevation. (2022CCN) (2024CCR)","","2022","2026","R","PRO","210000","2026","","",""
"District 11","Knox","11-80203.00","KY","11","KY-11","SAFETY(P)","10.727","11.681","Improve safety and access along KY 11 by raising roadway above Flood X elevation. (2022CCN) (2024CCR)","","2022","2026","U","PRO","1400000","2029","","",""
"District 11","Knox","11-80301.00","US","25","US-25","CONGESTION MITIGTN(O)","18.6","18.8","Construct a left turn lane with 350' storage and 100' taper at MP 18.62 (2024CCN)","","2024","2026","C","NH","70000","2029","","",""
"District 11","Knox","11-80302.00","US","25","US-25","CONGESTION MITIGTN(O)","19.8","20.0","Construct one left turn lane with 350' storage and 100' taper at MP 19.85 (2024CCN)","","2024","2026","C","NH","70000","2029","","",""
"District 11","Knox","11-80304.00","US","25","US-25","CONGESTION MITIGTN(O)","18.6","18.8","Construct one left turn lane with 350' storage and 100' taper at MP 18.41 and 350' storage and 100' taper at US 25 E (2024CCN)","","2024","2026","C","NH","80000","2029","","",""
"District 11","Knox","11-80311.00","CR","1311","CR-1311","MINOR WIDENING(O)","0.0","0.8","Widen Richland Creek Road from US 25E a distance of 0.70 miles (2024CCN)","","2024","2026","R","SPP","250000","2030","","",""
"District 11","Knox","11-80311.00","CR","1311","CR-1311","MINOR WIDENING(O)","0.0","0.8","Widen Richland Creek Road from US 25E a distance of 0.70 miles (2024CCN)","","2024","2026","D","SPP","780000","2029","","",""
"District 11","Knox","11-80311.00","CR","1311","CR-1311","MINOR WIDENING(O)","0.0","0.8","Widen Richland Creek Road from US 25E a distance of 0.70 miles (2024CCN)","","2024","2026","C","SPP","2000000","2032","","",""
"District 11","Knox","11-80311.00","CR","1311","CR-1311","MINOR WIDENING(O)","0.0","0.8","Widen Richland Creek Road from US 25E a distance of 0.70 miles (2024CCN)","","2024","2026","U","SPP","1500000","2031","","",""
"District 11","Knox","11-80361.00","PF","9999","PF-9999","NEW ROUTE(O)","","","Construct a new route north off of CS 2054 (Opportunity Drive) along the former RR track bed approximately 0.7 miles to KY 830 (2024CCN)","","2024","2026","C","SPP","1400000","2029","","",""
"District 11","Knox","11-80404.00","CR","1064","CR-1064","SAFETY(P)","0.0","0.1","Improve safety by realigning intersection and replacing existing bridge (2026CCN)","","2026","2026","R","SPP","100000","2030","","",""
"District 11","Knox","11-80404.00","CR","1064","CR-1064","SAFETY(P)","0.0","0.1","Improve safety by realigning intersection and replacing existing bridge (2026CCN)","","2026","2026","C","SPP","1500000","2031","","",""
"District 11","Knox","11-80404.00","CR","1064","CR-1064","SAFETY(P)","0.0","0.1","Improve safety by realigning intersection and replacing existing bridge (2026CCN)","","2026","2026","U","SPP","150000","2030","","",""
"District 11","Knox","11-80404.00","CR","1064","CR-1064","SAFETY(P)","0.0","0.1","Improve safety by realigning intersection and replacing existing bridge (2026CCN)","","2026","2026","D","SPP","200000","2029","","",""
"District 11","Knox","11-80413.00","CS","1003","CS-1003","NEW ROUTE(O)","0.0","0.15","Improve safety by constructing new access road to aquatic center owned by Barbourville Independent Schools that will be transferred to Barbourville City local government to provide safe ingress and egress to facility (2026CCN)","","2026","2026","D","SPP","150000","2026","","",""
"District 11","Knox","11-80413.00","CS","1003","CS-1003","NEW ROUTE(O)","0.0","0.15","Improve safety by constructing new access road to aquatic center owned by Barbourville Independent Schools that will be transferred to Barbourville City local government to provide safe ingress and egress to facility (2026CCN)","","2026","2026","U","SPP","75000","2027","","",""
"District 11","Knox","11-80413.00","CS","1003","CS-1003","NEW ROUTE(O)","0.0","0.15","Improve safety by constructing new access road to aquatic center owned by Barbourville Independent Schools that will be transferred to Barbourville City local government to provide safe ingress and egress to facility (2026CCN)","","2026","2026","C","SPP","750000","2028","","",""
"District 11","Knox","11-80429.00","KY","830","KY-830","REALIGNMENT","0.45","0.5","North Hamlin Ave/Roy Kidd Ave intersection realignment to include curb & gutter and sidewalks on each side (2026CCN)","","2026","2026","D","SPP","100000","2027","","",""
"District 11","Knox","11-80429.00","KY","830","KY-830","REALIGNMENT","0.45","0.5","North Hamlin Ave/Roy Kidd Ave intersection realignment to include curb & gutter and sidewalks on each side (2026CCN)","","2026","2026","U","SPP","190000","2028","","",""
"District 11","Knox","11-80429.00","KY","830","KY-830","REALIGNMENT","0.45","0.5","North Hamlin Ave/Roy Kidd Ave intersection realignment to include curb & gutter and sidewalks on each side (2026CCN)","","2026","2026","C","SPP","400000","2029","","",""
"District 11","Knox","11-80429.00","KY","830","KY-830","REALIGNMENT","0.45","0.5","North Hamlin Ave/Roy Kidd Ave intersection realignment to include curb & gutter and sidewalks on each side (2026CCN)","","2026","2026","R","SPP","75000","2027","","",""
"District 11","Laurel","11-00147.00","US","25","US-25","MAJOR WIDENING(O)","9.0","10.505","REDUCE CONGESTION ON US-25 FROM KY-1006 TO KY-2069; IMPROVE CONNECTIVITY FROM US-25 NEAR KY-2069 TO KY-229; IMPROVE KY-229 FROM THE NEW CONNECTOR NORTH TO KY-192; AND IMPROVE ACCESS TO THE SCHOOL FROM KY-192 BYPASS. (06CCR)(10CCR)(12CCR)(14CCR) (2020CCR)","","2006","2026","C","CRP","66215000","2027","","",""
"District 11","Laurel","11-00169.00","CO","0","CO-0","OTHR HWY IMPR","","","Improve Rudy Bear Road and KY 3007 from KY 80 South to KY 3432 West of I-75. (2022CCR) (2024CCR)","","2022","2026","R","SPP","2500000","2027","","",""
"District 11","Laurel","11-00169.00","CO","0","CO-0","OTHR HWY IMPR","","","Improve Rudy Bear Road and KY 3007 from KY 80 South to KY 3432 West of I-75. (2022CCR) (2024CCR)","","2022","2026","C","SPP","7600000","2031","","",""
"District 11","Laurel","11-00169.00","CO","0","CO-0","OTHR HWY IMPR","","","Improve Rudy Bear Road and KY 3007 from KY 80 South to KY 3432 West of I-75. (2022CCR) (2024CCR)","","2022","2026","U","SPP","1500000","2028","","",""
"District 11","Laurel","11-00169.00","CO","0","CO-0","OTHR HWY IMPR","","","Improve Rudy Bear Road and KY 3007 from KY 80 South to KY 3432 West of I-75. (2022CCR) (2024CCR)","","2022","2026","D","SPP","250000","2026","","",""
"District 11","Laurel","11-00179.00","I","75","I-75","REST AREA REHAB(P)","33.3","33.6","EXPAND TRUCK PARKING AT I-75 NB TRUCK REST HAVEN.","","2022","2026","C","NH","1160000","2026","","",""
"District 11","Laurel","11-00180.00","I","75","I-75","REST AREA REHAB(P)","33.6","34.1","EXPAND TRUCK PARKING AT I-75 SB TRUCK REST HAVEN.","","2022","2026","C","NH","1160000","2026","","",""
"District 11","Laurel","11-04380.00","KY","2041","KY-2041","SAF-GUARDRAIL(P)","0.75","0.85","INSTALL GUARDRAIL ON KY-2041   IN LAUREL COUNTY","","2020","2026","C","GR","30000","2026","","",""
"District 11","Laurel","11-04381.00","KY","312","KY-312","SAF-GUARDRAIL(P)","4.62","4.68","INSTALL GUARDRAIL ON KY-312   IN LAUREL COUNTY","","2020","2026","C","GR","20000","2026","","",""
"District 11","Laurel","11-04382.00","KY","312","KY-312","SAF-GUARDRAIL(P)","6.07","6.15","INSTALL GUARDRAIL ON KY-312   IN LAUREL COUNTY","","2020","2026","C","GR","20000","2026","","",""
"District 11","Laurel","11-04383.00","KY","312","KY-312","SAF-GUARDRAIL(P)","6.18","6.22","INSTALL GUARDRAIL ON KY-312   IN LAUREL COUNTY","","2020","2026","C","GR","10000","2026","","",""
"District 11","Laurel","11-04407.00","KY","363","KY-363","SAF-GUARDRAIL(P)","2.78","3.45","INSTALL GUARDRAIL ON KY-363 IN LAUREL COUNTY","","2020","2026","C","GR","142000","2026","","",""
"District 11","Laurel","11-08515.00","US","25","US-25","DESIGN ENGINEERING(O)","0.0","10.475","IMPROVE CONNECTIVITY BETWEEN CORBIN AND LONDON FROM KY-1006 TO US-25E. (08CCN) (2024CCR)","","2008","2026","D","STP","2000000","2027","","",""
"District 11","Laurel","11-08515.00","US","25","US-25","DESIGN ENGINEERING(O)","0.0","10.475","IMPROVE CONNECTIVITY BETWEEN CORBIN AND LONDON FROM KY-1006 TO US-25E. (08CCN) (2024CCR)","","2008","2026","R","STP","16800000","2028","","",""
"District 11","Laurel","11-08515.00","US","25","US-25","DESIGN ENGINEERING(O)","0.0","10.475","IMPROVE CONNECTIVITY BETWEEN CORBIN AND LONDON FROM KY-1006 TO US-25E. (08CCN) (2024CCR)","","2008","2026","U","STP","14560000","2030","","",""
"District 11","Laurel","11-08515.00","US","25","US-25","DESIGN ENGINEERING(O)","0.0","10.475","IMPROVE CONNECTIVITY BETWEEN CORBIN AND LONDON FROM KY-1006 TO US-25E. (08CCN) (2024CCR)","","2008","2026","C","STP","6000000","2032","","",""
"District 11","Laurel","11-08811.00","CR","1221","CR-1221","BRIDGE REPLACEMENT(P)","1.0","1.08","REPLACE BRIDGE LOCATED ON LILY ROAD (CR 1221) (MP 1.045) (AREA ADJACENT TO FARISTON INDUSTRIAL PARK WITH NEW ROADWAY ALIGNMENT). (14CCN)(18CCN)","","2014","2026","C","SPP","1830000","2029","","",""
"District 11","Laurel","11-08909.00","HR","9006","HR-9006","RECONSTRUCTION(O)","7.877","10.593","IMPROVE THE HAL ROGERS PARKWAY TO INTERSTATE STANDARDS FROM 4.0 MI EAST OF KY 192 TO LAUREL/CLAY CO. LINE. (I-75 TO HAZARD) (16CCN)(18CCR) (2024CCR)","","2016","2026","R","NH","2680000","2030","","",""
"District 11","Laurel","11-08909.00","HR","9006","HR-9006","RECONSTRUCTION(O)","7.877","10.593","IMPROVE THE HAL ROGERS PARKWAY TO INTERSTATE STANDARDS FROM 4.0 MI EAST OF KY 192 TO LAUREL/CLAY CO. LINE. (I-75 TO HAZARD) (16CCN)(18CCR) (2024CCR)","","2016","2026","C","SPP","32850000","2032","","",""
"District 11","Laurel","11-08909.00","HR","9006","HR-9006","RECONSTRUCTION(O)","7.877","10.593","IMPROVE THE HAL ROGERS PARKWAY TO INTERSTATE STANDARDS FROM 4.0 MI EAST OF KY 192 TO LAUREL/CLAY CO. LINE. (I-75 TO HAZARD) (16CCN)(18CCR) (2024CCR)","","2016","2026","D","NH","1170000","2028","","",""
"District 11","Laurel","11-08909.00","HR","9006","HR-9006","RECONSTRUCTION(O)","7.877","10.593","IMPROVE THE HAL ROGERS PARKWAY TO INTERSTATE STANDARDS FROM 4.0 MI EAST OF KY 192 TO LAUREL/CLAY CO. LINE. (I-75 TO HAZARD) (16CCN)(18CCR) (2024CCR)","","2016","2026","U","NH","1170000","2030","","",""
"District 11","Laurel","11-10042.00","KY","490","KY-490","AM-BRIDGE (P)","11.502","11.509","BRIDGE PROJECT IN LAUREL COUNTY ON (063B00004N) KY-490 AT ROCKCASTLE RIVER","063B00004N","2018","2026","C","BRZ","3213675","2027","","",""
"District 11","Laurel","11-10042.00","KY","490","KY-490","AM-BRIDGE (P)","11.502","11.509","BRIDGE PROJECT IN LAUREL COUNTY ON (063B00004N) KY-490 AT ROCKCASTLE RIVER","063B00004N","2018","2026","D","BRZ","482051","2027","","",""
"District 11","Laurel","11-10209.00","KY","472","KY-472","AM-BRIDGE (P)","9.939","9.963","BRIDGE PROJECT IN LAUREL COUNTY ON (063B00062N) KY-472 AT S.FK.ROCKCASTLE RVR","063B00062N","2022","2026","C","BRX","1465399","2032","","",""
"District 11","Laurel","11-10209.00","KY","472","KY-472","AM-BRIDGE (P)","9.939","9.963","BRIDGE PROJECT IN LAUREL COUNTY ON (063B00062N) KY-472 AT S.FK.ROCKCASTLE RVR","063B00062N","2022","2026","D","BRX","219810","2032","","",""
"District 11","Laurel","11-10211.00","KY","552","KY-552","AM-BRIDGE (P)","4.86","4.872","BRIDGE PROJECT IN LAUREL COUNTY ON (063B00101N) KY-552 AT LITTLE LAUREL RIVER (2026CCR)","063B00101N","2022","2026","D","BRZ","121611","2031","","",""
"District 11","Laurel","11-10211.00","KY","552","KY-552","AM-BRIDGE (P)","4.86","4.872","BRIDGE PROJECT IN LAUREL COUNTY ON (063B00101N) KY-552 AT LITTLE LAUREL RIVER (2026CCR)","063B00101N","2022","2026","C","BRZ","810738","2031","","",""
"District 11","Laurel","11-20038.00","KY","192","KY-192","AM-PAVEMENT (PRI)(P)","20.2","22.041","ADDRESS CONDITION OF KY-192 FROM MILEPOINT 20.2 TO MILEPOINT 22.041","","2024","2026","D","STP","440000","2029","","",""
"District 11","Laurel","11-20038.00","KY","192","KY-192","AM-PAVEMENT (PRI)(P)","20.2","22.041","ADDRESS CONDITION OF KY-192 FROM MILEPOINT 20.2 TO MILEPOINT 22.041","","2024","2026","C","STP","5060000","2029","","",""
"District 11","Laurel","11-22196.00","HR","9006","HR-9006","PAVEMENT REHAB-PRK(P)","4.17","8.8","ADDRESS CONDITION OF Hal Rogers Daniel Boone Parkway FROM MILEPOINT 4.169 TO MILEPOINT 8.8","","2022","2026","C","STP","2921514","2032","","",""
"District 11","Laurel","11-22196.00","HR","9006","HR-9006","PAVEMENT REHAB-PRK(P)","4.17","8.8","ADDRESS CONDITION OF Hal Rogers Daniel Boone Parkway FROM MILEPOINT 4.169 TO MILEPOINT 8.8","","2022","2026","D","STP","290000","2032","","",""
"District 11","Laurel","11-80154.00","HR","9006","HR-9006","SAFETY(P)","5.05","5.1","ADDRESS ACCESS AND SAFETY ISSUES AT THE INTERSECTION OF KY 80 AND PAYNE TRAIL AND BUSH ELEMENTARY SCHOOL BY CONSTRUCTING A CONNECTOR ROAD FROM HAL ROGERS PARKWAY (HR 9006) TO KY 6264 (PAYNE TRAIL). (2020CCN) (2022CCN)","","2020","2026","D","SPP","120000","2027","","",""
"District 11","Laurel","11-80154.00","HR","9006","HR-9006","SAFETY(P)","5.05","5.1","ADDRESS ACCESS AND SAFETY ISSUES AT THE INTERSECTION OF KY 80 AND PAYNE TRAIL AND BUSH ELEMENTARY SCHOOL BY CONSTRUCTING A CONNECTOR ROAD FROM HAL ROGERS PARKWAY (HR 9006) TO KY 6264 (PAYNE TRAIL). (2020CCN) (2022CCN)","","2020","2026","C","SPP","630000","2031","","",""
"District 11","Laurel","11-80154.00","HR","9006","HR-9006","SAFETY(P)","5.05","5.1","ADDRESS ACCESS AND SAFETY ISSUES AT THE INTERSECTION OF KY 80 AND PAYNE TRAIL AND BUSH ELEMENTARY SCHOOL BY CONSTRUCTING A CONNECTOR ROAD FROM HAL ROGERS PARKWAY (HR 9006) TO KY 6264 (PAYNE TRAIL). (2020CCN) (2022CCN)","","2020","2026","R","SPP","890000","2029","","",""
"District 11","Laurel","11-80154.00","HR","9006","HR-9006","SAFETY(P)","5.05","5.1","ADDRESS ACCESS AND SAFETY ISSUES AT THE INTERSECTION OF KY 80 AND PAYNE TRAIL AND BUSH ELEMENTARY SCHOOL BY CONSTRUCTING A CONNECTOR ROAD FROM HAL ROGERS PARKWAY (HR 9006) TO KY 6264 (PAYNE TRAIL). (2020CCN) (2022CCN)","","2020","2026","U","SPP","40000","2030","","",""
"District 11","Laurel","11-80312.00","KY","638","KY-638","SAFETY(P)","2.0","2.86","Improve the geometrics of a curve, widen a drainage structure, and provide turn lanes to Johnson Elementary School on KY 638 (2024CCN)","","2024","2026","R","SPP","1060000","2029","","",""
"District 11","Laurel","11-80312.00","KY","638","KY-638","SAFETY(P)","2.0","2.86","Improve the geometrics of a curve, widen a drainage structure, and provide turn lanes to Johnson Elementary School on KY 638 (2024CCN)","","2024","2026","D","SPP","210000","2026","","",""
"District 11","Laurel","11-80312.00","KY","638","KY-638","SAFETY(P)","2.0","2.86","Improve the geometrics of a curve, widen a drainage structure, and provide turn lanes to Johnson Elementary School on KY 638 (2024CCN)","","2024","2026","C","SPP","2270000","2030","","",""
"District 11","Laurel","11-80312.00","KY","638","KY-638","SAFETY(P)","2.0","2.86","Improve the geometrics of a curve, widen a drainage structure, and provide turn lanes to Johnson Elementary School on KY 638 (2024CCN)","","2024","2026","U","SPP","710000","2029","","",""
"District 11","Laurel","11-80357.00","KY","192","KY-192","MAJOR WIDENING(O)","16.61","18.08","Widen KY 192 from Mallard Drive to Esquire Lane, address horizontal and vertical alignment as needed (MP 16.61 - 18.08) (2024CCN)","","2024","2026","D","SPP","1300000","2027","","",""
"District 11","Laurel","11-80357.00","KY","192","KY-192","MAJOR WIDENING(O)","16.61","18.08","Widen KY 192 from Mallard Drive to Esquire Lane, address horizontal and vertical alignment as needed (MP 16.61 - 18.08) (2024CCN)","","2024","2026","U","SPP","1750000","2031","","",""
"District 11","Laurel","11-80357.00","KY","192","KY-192","MAJOR WIDENING(O)","16.61","18.08","Widen KY 192 from Mallard Drive to Esquire Lane, address horizontal and vertical alignment as needed (MP 16.61 - 18.08) (2024CCN)","","2024","2026","C","SPP","9000000","2032","","",""
"District 11","Laurel","11-80357.00","KY","192","KY-192","MAJOR WIDENING(O)","16.61","18.08","Widen KY 192 from Mallard Drive to Esquire Lane, address horizontal and vertical alignment as needed (MP 16.61 - 18.08) (2024CCN)","","2024","2026","R","SPP","7000000","2030","","",""
"District 11","Laurel","11-80402.00","KY","1535","KY-1535","RECONSTRUCTION(O)","1.47","1.9","Reconstruct curve and address geometric deficiencies and safety on KY-1535 (2026CCN)","","2026","2026","R","SPP","1000000","2026","","",""
"District 11","Laurel","11-80402.00","KY","1535","KY-1535","RECONSTRUCTION(O)","1.47","1.9","Reconstruct curve and address geometric deficiencies and safety on KY-1535 (2026CCN)","","2026","2026","U","SPP","400000","2027","","",""
"District 11","Laurel","11-80402.00","KY","1535","KY-1535","RECONSTRUCTION(O)","1.47","1.9","Reconstruct curve and address geometric deficiencies and safety on KY-1535 (2026CCN)","","2026","2026","D","SPP","350000","2026","","",""
"District 11","Laurel","11-80402.00","KY","1535","KY-1535","RECONSTRUCTION(O)","1.47","1.9","Reconstruct curve and address geometric deficiencies and safety on KY-1535 (2026CCN)","","2026","2026","C","SPP","1250000","2029","","",""
"District 11","Laurel","11-80403.00","PF","9999","PF-9999","NEW ROUTE(O)","","","New construction to extend KY 3006 from 16th Street to the intersection of KY 1006 and Myers Baker Road (2026CCN)","","2026","2026","D","SPP","1500000","2029","","",""
"District 11","Laurel","11-80403.00","PF","9999","PF-9999","NEW ROUTE(O)","","","New construction to extend KY 3006 from 16th Street to the intersection of KY 1006 and Myers Baker Road (2026CCN)","","2026","2026","R","SPP","5000000","2030","","",""
"District 11","Laurel","11-80403.00","PF","9999","PF-9999","NEW ROUTE(O)","","","New construction to extend KY 3006 from 16th Street to the intersection of KY 1006 and Myers Baker Road (2026CCN)","","2026","2026","C","SPP","17500000","2031","","",""
"District 11","Laurel","11-80403.00","PF","9999","PF-9999","NEW ROUTE(O)","","","New construction to extend KY 3006 from 16th Street to the intersection of KY 1006 and Myers Baker Road (2026CCN)","","2026","2026","U","SPP","4000000","2030","","",""
"District 11","Laurel","11-80409.00","US","25","US-25","MINOR WIDENING(O)","13.556","16.7","Widen US25 to a three-lane typical section with a center two-way left-turn lane. Access management with sidewalk. Concept A from the 11-181 planning study (2026CCN)","","2026","2026","C","STP","10000000","2031","","",""
"District 11","Laurel","11-80409.00","US","25","US-25","MINOR WIDENING(O)","13.556","16.7","Widen US25 to a three-lane typical section with a center two-way left-turn lane. Access management with sidewalk. Concept A from the 11-181 planning study (2026CCN)","","2026","2026","P","STP","250000","2026","","",""
"District 11","Laurel","11-80409.00","US","25","US-25","MINOR WIDENING(O)","13.556","16.7","Widen US25 to a three-lane typical section with a center two-way left-turn lane. Access management with sidewalk. Concept A from the 11-181 planning study (2026CCN)","","2026","2026","R","STP","3150000","2030","","",""
"District 11","Laurel","11-80409.00","US","25","US-25","MINOR WIDENING(O)","13.556","16.7","Widen US25 to a three-lane typical section with a center two-way left-turn lane. Access management with sidewalk. Concept A from the 11-181 planning study (2026CCN)","","2026","2026","D","STP","1050000","2029","","",""
"District 11","Laurel","11-80409.00","US","25","US-25","MINOR WIDENING(O)","13.556","16.7","Widen US25 to a three-lane typical section with a center two-way left-turn lane. Access management with sidewalk. Concept A from the 11-181 planning study (2026CCN)","","2026","2026","U","STP","1050000","2030","","",""
"District 11","Laurel","11-80426.00","KY","363","KY-363","RECONSTRUCTION(O)","10.3","10.88","Reconstruct and address geometric deficiencies and safety on KY 363 (Whitley Street) from KY 2391 to Meyers Baker Road. (2026CCN)","","2026","2026","U","SPP","2750000","2029","","",""
"District 11","Laurel","11-80426.00","KY","363","KY-363","RECONSTRUCTION(O)","10.3","10.88","Reconstruct and address geometric deficiencies and safety on KY 363 (Whitley Street) from KY 2391 to Meyers Baker Road. (2026CCN)","","2026","2026","R","SPP","3500000","2029","","",""
"District 11","Laurel","11-80426.00","KY","363","KY-363","RECONSTRUCTION(O)","10.3","10.88","Reconstruct and address geometric deficiencies and safety on KY 363 (Whitley Street) from KY 2391 to Meyers Baker Road. (2026CCN)","","2026","2026","D","SPP","1000000","2026","","",""
"District 11","Laurel","11-80426.00","KY","363","KY-363","RECONSTRUCTION(O)","10.3","10.88","Reconstruct and address geometric deficiencies and safety on KY 363 (Whitley Street) from KY 2391 to Meyers Baker Road. (2026CCN)","","2026","2026","C","SPP","3500000","2030","","",""
"District 11","Leslie","11-01095.00","US","421","US-421","AM-BRIDGE (P)","18.423","18.437","ADDRESS DEFICIENCIES OF BRIDGE OVER MUNCY CREEK ON US 421 0.5 MILE SOUTH OF TAYLOR MORGAN ROAD (CR 1090).(066B00006N)","066B00006N","2014","2026","C","BRX","1350000","2032","","",""
"District 11","Leslie","11-04320.00","US","421","US-421","SAF-GUARDRAIL(P)","25.86","26.03","INSTALL GUARDRAIL ON US-421   IN LESLIE COUNTY","","2020","2026","C","GR","50000","2026","","",""
"District 11","Leslie","11-04408.00","US","421","US-421","SAF-GUARDRAIL(P)","25.02","25.48","INSTALL GUARDRAIL ON US-421 IN LESLIE COUNTY","","2020","2026","C","GR","99000","2026","","",""
"District 11","Leslie","11-08516.00","KY","1482","KY-1482","NEW ROUTE(O)","0.09","0.19","CONSTRUCT A NEW APPROACH FROM KY-1482 ONTO THE HAL ROGERS PARKWAY AT MP 39. (08CCN)(10CCR)(2011BOPP)(18CCN) (2020CCR) (2022CCR) (2024CCR)","","2008","2026","U","SPP","520000","2030","","",""
"District 11","Leslie","11-08516.00","KY","1482","KY-1482","NEW ROUTE(O)","0.09","0.19","CONSTRUCT A NEW APPROACH FROM KY-1482 ONTO THE HAL ROGERS PARKWAY AT MP 39. (08CCN)(10CCR)(2011BOPP)(18CCN) (2020CCR) (2022CCR) (2024CCR)","","2008","2026","R","SPP","1230000","2030","","",""
"District 11","Leslie","11-08516.00","KY","1482","KY-1482","NEW ROUTE(O)","0.09","0.19","CONSTRUCT A NEW APPROACH FROM KY-1482 ONTO THE HAL ROGERS PARKWAY AT MP 39. (08CCN)(10CCR)(2011BOPP)(18CCN) (2020CCR) (2022CCR) (2024CCR)","","2008","2026","C","SPP","7410000","2031","","",""
"District 11","Leslie","11-08516.00","KY","1482","KY-1482","NEW ROUTE(O)","0.09","0.19","CONSTRUCT A NEW APPROACH FROM KY-1482 ONTO THE HAL ROGERS PARKWAY AT MP 39. (08CCN)(10CCR)(2011BOPP)(18CCN) (2020CCR) (2022CCR) (2024CCR)","","2008","2026","D","SPP","320000","2029","","",""
"District 11","Leslie","11-08912.00","HR","9006","HR-9006","MINOR WIDENING(O)","35.929","44.188","UPGRADE ROUTE FROM SOMERSET TO HAZARD TO INTERSTATE STANDARDS: 4 LANE FROM CLAY/LESLIE LINE TO HYDEN SPUR, MP 35.929 TO MP 44.188 (SEGMENT 9). (16CCN)(18CCN) (2024CCR)","","2016","2026","D","NH","1120000","2029","","",""
"District 11","Leslie","11-08912.00","HR","9006","HR-9006","MINOR WIDENING(O)","35.929","44.188","UPGRADE ROUTE FROM SOMERSET TO HAZARD TO INTERSTATE STANDARDS: 4 LANE FROM CLAY/LESLIE LINE TO HYDEN SPUR, MP 35.929 TO MP 44.188 (SEGMENT 9). (16CCN)(18CCN) (2024CCR)","","2016","2026","R","NH","12600000","2029","","",""
"District 11","Leslie","11-08912.00","HR","9006","HR-9006","MINOR WIDENING(O)","35.929","44.188","UPGRADE ROUTE FROM SOMERSET TO HAZARD TO INTERSTATE STANDARDS: 4 LANE FROM CLAY/LESLIE LINE TO HYDEN SPUR, MP 35.929 TO MP 44.188 (SEGMENT 9). (16CCN)(18CCN) (2024CCR)","","2016","2026","C","NH","94400000","2030","","",""
"District 11","Leslie","11-08912.00","HR","9006","HR-9006","MINOR WIDENING(O)","35.929","44.188","UPGRADE ROUTE FROM SOMERSET TO HAZARD TO INTERSTATE STANDARDS: 4 LANE FROM CLAY/LESLIE LINE TO HYDEN SPUR, MP 35.929 TO MP 44.188 (SEGMENT 9). (16CCN)(18CCN) (2024CCR)","","2016","2026","U","NH","9360000","2029","","",""
"District 11","Leslie","11-08913.00","HR","9006","HR-9006","MAJOR WIDENING(O)","44.188","51.026","UPGRADE ROUTE FROM SOMERSET TO HAZARD TO INTERSTATE STANDARDS: 4 LANE FROM HYDEN SPUR TO LESLIE/PERRY LINE (SEGMENT 10). (16CCN)(18CCN) (2024CCR)","","2016","2026","R","SPP","10500000","2032","","",""
"District 11","Leslie","11-08913.00","HR","9006","HR-9006","MAJOR WIDENING(O)","44.188","51.026","UPGRADE ROUTE FROM SOMERSET TO HAZARD TO INTERSTATE STANDARDS: 4 LANE FROM HYDEN SPUR TO LESLIE/PERRY LINE (SEGMENT 10). (16CCN)(18CCN) (2024CCR)","","2016","2026","C","SPP","73920000","2032","","",""
"District 11","Leslie","11-08913.00","HR","9006","HR-9006","MAJOR WIDENING(O)","44.188","51.026","UPGRADE ROUTE FROM SOMERSET TO HAZARD TO INTERSTATE STANDARDS: 4 LANE FROM HYDEN SPUR TO LESLIE/PERRY LINE (SEGMENT 10). (16CCN)(18CCN) (2024CCR)","","2016","2026","U","SPP","7280000","2032","","",""
"District 11","Leslie","11-08913.00","HR","9006","HR-9006","MAJOR WIDENING(O)","44.188","51.026","UPGRADE ROUTE FROM SOMERSET TO HAZARD TO INTERSTATE STANDARDS: 4 LANE FROM HYDEN SPUR TO LESLIE/PERRY LINE (SEGMENT 10). (16CCN)(18CCN) (2024CCR)","","2016","2026","D","NH","1120000","2030","","",""
"District 11","Leslie","11-08951.00","US","421","US-421","SAFETY(P)","21.47","21.486","CONSTRUCT RIGHT TURN LANE ON US 421 AT INTERSECTION WITH KY 80. (16CCN)(18CCN) (2022CCR)","","2016","2026","R","SPP","140000","2029","","",""
"District 11","Leslie","11-08951.00","US","421","US-421","SAFETY(P)","21.47","21.486","CONSTRUCT RIGHT TURN LANE ON US 421 AT INTERSECTION WITH KY 80. (16CCN)(18CCN) (2022CCR)","","2016","2026","C","SPP","1360000","2030","","",""
"District 11","Leslie","11-08951.00","US","421","US-421","SAFETY(P)","21.47","21.486","CONSTRUCT RIGHT TURN LANE ON US 421 AT INTERSECTION WITH KY 80. (16CCN)(18CCN) (2022CCR)","","2016","2026","U","SPP","310000","2029","","",""
"District 11","Leslie","11-10212.00","KY","2058","KY-2058","AM-BRIDGE (P)","4.81","4.828","BRIDGE PROJECT IN LESLIE COUNTY ON (066B00028N) KY-2058 AT BEECH FORK CREEK","066B00028N","2022","2026","C","BRX","969851","2032","","",""
"District 11","Leslie","11-10212.00","KY","2058","KY-2058","AM-BRIDGE (P)","4.81","4.828","BRIDGE PROJECT IN LESLIE COUNTY ON (066B00028N) KY-2058 AT BEECH FORK CREEK","066B00028N","2022","2026","D","BRX","145478","2032","","",""
"District 11","Leslie","11-10213.00","KY","699","KY-699","AM-BRIDGE (P)","1.955","1.979","BRIDGE PROJECT IN LESLIE COUNTY ON (066B00033N) KY-699 AT CUTSHIN CREEK","066B00033N","2022","2026","D","FBP","25208","2032","","",""
"District 11","Leslie","11-10213.00","KY","699","KY-699","AM-BRIDGE (P)","1.955","1.979","BRIDGE PROJECT IN LESLIE COUNTY ON (066B00033N) KY-699 AT CUTSHIN CREEK","066B00033N","2022","2026","C","FBP","168056","2032","","",""
"District 11","Leslie","11-10215.00","KY","1482","KY-1482","AM-BRIDGE (P)","0.036","0.05","BRIDGE PROJECT IN LESLIE COUNTY ON (066B00058N) KY-1482 AT HALS FORK","066B00058N","2022","2026","C","BRX","1378620","2031","","",""
"District 11","Leslie","11-10215.00","KY","1482","KY-1482","AM-BRIDGE (P)","0.036","0.05","BRIDGE PROJECT IN LESLIE COUNTY ON (066B00058N) KY-1482 AT HALS FORK","066B00058N","2022","2026","D","BRX","206793","2031","","",""
"District 11","Leslie","11-10254.00","KY","1780","KY-1780","AM-BRIDGE (P)","3.571","3.583","ADDRESS DEFICIENCIES OF BRIDGE ON KY-1780 OVER MID-FK KY RVR (066B00026N)","066B00026N","2026","2026","D","BRZ","205820","2028","","",""
"District 11","Leslie","11-10254.00","KY","1780","KY-1780","AM-BRIDGE (P)","3.571","3.583","ADDRESS DEFICIENCIES OF BRIDGE ON KY-1780 OVER MID-FK KY RVR (066B00026N)","066B00026N","2026","2026","C","BRZ","1372134","2028","","",""
"District 11","Leslie","11-10256.00","CR","1353","CR-1353","AM-BRIDGE (P)","0.099","0.115","ADDRESS DEFICIENCIES OF BRIDGE ON CR-1353 OVER Middle Fork Kentucky Rv (066C00117N)","066C00117N","2026","2026","D","BRZ","146773","2029","","",""
"District 11","Leslie","11-10256.00","CR","1353","CR-1353","AM-BRIDGE (P)","0.099","0.115","ADDRESS DEFICIENCIES OF BRIDGE ON CR-1353 OVER Middle Fork Kentucky Rv (066C00117N)","066C00117N","2026","2026","C","BRZ","978489","2029","","",""
"District 11","Leslie","11-22201.00","HR","9006","HR-9006","AM-PAVEMENT (PKY)(P)","35.929","44.04","ADDRESS CONDITION OF Hal Rogers Daniel Boone Parkway FROM MILEPOINT 35.929 TO MILEPOINT 44.04","","2022","2026","D","NHP","600000","2029","","",""
"District 11","Leslie","11-22201.00","HR","9006","HR-9006","AM-PAVEMENT (PKY)(P)","35.929","44.04","ADDRESS CONDITION OF Hal Rogers Daniel Boone Parkway FROM MILEPOINT 35.929 TO MILEPOINT 44.04","","2022","2026","C","NHP","6024768","2029","","",""
"District 11","Leslie","11-22202.00","HR","9006","HR-9006","AM-PAVEMENT (PKY)(P)","44.04","51.026","ADDRESS CONDITION OF Hal Rogers Daniel Boone Parkway FROM MILEPOINT 44.04 TO MILEPOINT 51.026","","2022","2026","C","NHP","4957826","2031","","",""
"District 11","Leslie","11-22202.00","HR","9006","HR-9006","AM-PAVEMENT (PKY)(P)","44.04","51.026","ADDRESS CONDITION OF Hal Rogers Daniel Boone Parkway FROM MILEPOINT 44.04 TO MILEPOINT 51.026","","2022","2026","D","NHP","500000","2031","","",""
"District 11","Leslie","11-80002.00","KY","3424","KY-3424","SAFETY(P)","1.1","1.5","SAFETY IMPROVEMENTS ON KY 3424 FROM MP 1.1 TO MP 1.5.(18CCN)","","2018","2026","C","CRP","1360000","2028","","",""
"District 11","Leslie","11-80003.00","KY","2009","KY-2009","SAFETY(P)","13.418","14.767","INSTALL NEW GUARDRAIL ON KY 2009 FROM MP 13.418 TO MP 14.767.(18CCN)","","2018","2026","C","GR","560000","2027","","",""
"District 11","Leslie","11-80004.00","KY","1482","KY-1482","SAFETY(P)","0.0","1.9","INSTALL NEW GUARDRAIL ON KY 1482 FROM MP 0 TO MP 1.9.(18CCN)","","2018","2026","C","GR","120000","2027","","",""
"District 11","Leslie","11-80005.00","KY","257","KY-257","SAFETY(P)","5.723","5.853","INSTALL NEW GUARDRAIL ON KY 257 FROM MP 5.723 TO MP 5.853.(18CCN)","","2018","2026","C","GR","40000","2027","","",""
"District 11","Leslie","11-80006.00","KY","1807","KY-1807","SAFETY(P)","0.914","1.256","INSTALL NEW GUARDRAIL ON KY 1807 FROM MP 0.914 TO MP 1.256.(18CCN)","","2018","2026","C","GR","60000","2027","","",""
"District 11","Leslie","11-80108.00","KY","1482","KY-1482","GUARDRAIL REPLCMNT(P)","1.582","2.0","GUARD RAIL INSTALLATION ON BULL SKIN RD MP 1.582 TO MP 2 (2020CCN) (2024CCR)","","2020","2026","C","GR","60000","2026","","",""
"District 11","Leslie","11-80109.00","KY","1807","KY-1807","GUARDRAIL REPLCMNT(P)","0.089","3.567","GUARD RAIL INSTALLATION ON WOOTEN RD FROM MP 0.089 TO MP 3.567 AS NEEDED (2020CCN) (2024CCR)","","2020","2026","C","GR","180000","2026","","",""
"District 11","Leslie","11-80305.00","KY","257","KY-257","PLANNING-OKI(O)","6.7","11.0","PROVIDE ADDITIONAL ACCESS TO RESIDENTS ALONG KY257 DURING FLOODING EVENTS (2024CCN) (Study Underway) MP 6.7 - 11 (2026CCN)","","2024","2026","D","STP","1000000","2027","","",""
"District 11","Leslie","11-80412.00","CR","1449","CR-1449","MINOR WIDENING(O)","0.0","4.5","Widen, resurface, and extend asphalt on CR-1449 (Leeco Road) in preparation for development of an RV park, pavilion, baseball/softball fields, housing development, and trails along the route (2026CCN)","","2026","2026","C","SPP","3000000","2031","","",""
"District 11","Leslie","11-80412.00","CR","1449","CR-1449","MINOR WIDENING(O)","0.0","4.5","Widen, resurface, and extend asphalt on CR-1449 (Leeco Road) in preparation for development of an RV park, pavilion, baseball/softball fields, housing development, and trails along the route (2026CCN)","","2026","2026","R","SPP","300000","2029","","",""
"District 11","Leslie","11-80412.00","CR","1449","CR-1449","MINOR WIDENING(O)","0.0","4.5","Widen, resurface, and extend asphalt on CR-1449 (Leeco Road) in preparation for development of an RV park, pavilion, baseball/softball fields, housing development, and trails along the route (2026CCN)","","2026","2026","U","SPP","200000","2030","","",""
"District 11","Leslie","11-80412.00","CR","1449","CR-1449","MINOR WIDENING(O)","0.0","4.5","Widen, resurface, and extend asphalt on CR-1449 (Leeco Road) in preparation for development of an RV park, pavilion, baseball/softball fields, housing development, and trails along the route (2026CCN)","","2026","2026","D","SPP","250000","2026","","",""
"District 11","Whitley","11-04328.00","KY","312","KY-312","SAF-GUARDRAIL(P)","1.14","1.16","INSTALL GUARDRAIL ON KY-312   IN WHITLEY COUNTY","","2020","2026","C","GR","10000","2026","","",""
"District 11","Whitley","11-04337.00","KY","727","KY-727","SAF-GUARDRAIL(P)","0.7","0.76","INSTALL GUARDRAIL ON KY-727   IN WHITLEY COUNTY","","2020","2026","C","GR","20000","2026","","",""
"District 11","Whitley","11-04363.00","KY","836","KY-836","SAF-GUARDRAIL(P)","1.29","1.33","INSTALL GUARDRAIL ON KY-836   IN WHITLEY COUNTY","","2020","2026","C","GR","20000","2026","","",""
"District 11","Whitley","11-04389.00","KY","204","KY-204","SAF-GUARDRAIL(P)","9.24","9.28","INSTALL GUARDRAIL ON KY-204   IN WHITLEY COUNTY","","2020","2026","C","GR","10000","2026","","",""
"District 11","Whitley","11-04390.00","KY","26","KY-26","SAF-GUARDRAIL(P)","1.77","1.79","INSTALL GUARDRAIL ON KY-26   IN WHITLEY COUNTY","","2020","2026","C","GR","10000","2026","","",""
"District 11","Whitley","11-04391.00","KY","478","KY-478","SAF-GUARDRAIL(P)","2.84","3.07","INSTALL GUARDRAIL ON KY-478   IN WHITLEY COUNTY","","2020","2026","C","GR","60000","2026","","",""
"District 11","Whitley","11-04392.00","KY","856","KY-856","SAF-GUARDRAIL(P)","0.1","0.15","INSTALL GUARDRAIL ON KY-856   IN WHITLEY COUNTY","","2020","2026","C","GR","20000","2026","","",""
"District 11","Whitley","11-08954.00","PF","9999","PF-9999","NEW ROUTE(O)","","","CONSTRUCT A NEW ENTRANCE TO THE UNIVERSITY OF THE CUMBERLANDS FROM SOUTH 2ND ST UP THE HILL TO TIE INTO HUTTON WAY. (16CCN) (2024CCN)","","2016","2026","D","SPP","410000","2029","","",""
"District 11","Whitley","11-08954.00","PF","9999","PF-9999","NEW ROUTE(O)","","","CONSTRUCT A NEW ENTRANCE TO THE UNIVERSITY OF THE CUMBERLANDS FROM SOUTH 2ND ST UP THE HILL TO TIE INTO HUTTON WAY. (16CCN) (2024CCN)","","2016","2026","C","SPP","2180000","2030","","",""
"District 11","Whitley","11-08954.00","PF","9999","PF-9999","NEW ROUTE(O)","","","CONSTRUCT A NEW ENTRANCE TO THE UNIVERSITY OF THE CUMBERLANDS FROM SOUTH 2ND ST UP THE HILL TO TIE INTO HUTTON WAY. (16CCN) (2024CCN)","","2016","2026","U","SPP","70000","2030","","",""
"District 11","Whitley","11-22107.00","I","75","I-75","AM-PAVEMENT (INT)(P)","11.27","20.101","ADDRESS CONDITION OF I-075 FROM MILEPOINT 11.27 TO MILEPOINT 20.045","","2022","2026","D","NHP","2400000","2029","","",""
"District 11","Whitley","11-22107.00","I","75","I-75","AM-PAVEMENT (INT)(P)","11.27","20.101","ADDRESS CONDITION OF I-075 FROM MILEPOINT 11.27 TO MILEPOINT 20.045","","2022","2026","C","NHP","24000000","2029","","",""
"District 11","Whitley","11-80107.00","US","25","US-25","AM-BRIDGE (P)","13.3","14.6","IMPROVE SAFETY AND MOBILITY ON US 25W (MILEPOINT 13.3 TO MILEPOINT 14.6) INCLUDED IN THIS RECONSTRUCTION WILL BE APPROXIMATELY 1.3 MILES OF ROADWAY TO BE WIDENED/IMPROVED, AN APPROXIMATELY 250' BRIDGE REPLACEMENT OVER WATTS CREEK,INTERSECTIONS OF KY 26 AN","","2020","2026","C","STP","19000000","2031","","",""
"District 11","Whitley","11-80107.00","US","25","US-25","AM-BRIDGE (P)","13.3","14.6","IMPROVE SAFETY AND MOBILITY ON US 25W (MILEPOINT 13.3 TO MILEPOINT 14.6) INCLUDED IN THIS RECONSTRUCTION WILL BE APPROXIMATELY 1.3 MILES OF ROADWAY TO BE WIDENED/IMPROVED, AN APPROXIMATELY 250' BRIDGE REPLACEMENT OVER WATTS CREEK,INTERSECTIONS OF KY 26 AN","","2020","2026","R","STP","1500000","2029","","",""
"District 11","Whitley","11-80107.00","US","25","US-25","AM-BRIDGE (P)","13.3","14.6","IMPROVE SAFETY AND MOBILITY ON US 25W (MILEPOINT 13.3 TO MILEPOINT 14.6) INCLUDED IN THIS RECONSTRUCTION WILL BE APPROXIMATELY 1.3 MILES OF ROADWAY TO BE WIDENED/IMPROVED, AN APPROXIMATELY 250' BRIDGE REPLACEMENT OVER WATTS CREEK,INTERSECTIONS OF KY 26 AN","","2020","2026","D","STP","1500000","2026","","",""
"District 11","Whitley","11-80107.00","US","25","US-25","AM-BRIDGE (P)","13.3","14.6","IMPROVE SAFETY AND MOBILITY ON US 25W (MILEPOINT 13.3 TO MILEPOINT 14.6) INCLUDED IN THIS RECONSTRUCTION WILL BE APPROXIMATELY 1.3 MILES OF ROADWAY TO BE WIDENED/IMPROVED, AN APPROXIMATELY 250' BRIDGE REPLACEMENT OVER WATTS CREEK,INTERSECTIONS OF KY 26 AN","","2020","2026","U","STP","1500000","2030","","",""
"District 11","Whitley","11-80264.00","KY","92","KY-92","SAFETY(P)","9.7","10.3","RECONFIGURE EXISTING INTERSECTION OF KY 92 AND PENNY LANE TO IMPROVE SAFETY ALONG AT INTERSECTION. CONSTRUCT NEW CONNECTOR ROAD BETWEEN KY 92 AND PENNY LANE. RECONFIGURE TRAFFIC OPERATION ALONG PENNY LANE BETWEEN KY 92 AND NEW CONNECTOR ROAD (2022CCN) (20","","2022","2026","C","SPP","2000000","2028","","",""
"District 11","Whitley","11-80307.00","CR","1412","CR-1412","RESURFACING(P)","0.0","3.849","Resurfacing of High Top Road (2024CCN)","","2024","2026","C","SPP","380000","2029","","",""
"District 11","Whitley","11-80308.00","CS","1132","CS-1132","MINOR WIDENING(O)","0.0","0.6","Widen existing South 2nd street to improve geometric deficiencies along route (2024CCN)","","2024","2026","D","SPP","1040000","2029","","",""
"District 11","Whitley","11-80308.00","CS","1132","CS-1132","MINOR WIDENING(O)","0.0","0.6","Widen existing South 2nd street to improve geometric deficiencies along route (2024CCN)","","2024","2026","R","SPP","3500000","2030","","",""
"District 11","Whitley","11-80308.00","CS","1132","CS-1132","MINOR WIDENING(O)","0.0","0.6","Widen existing South 2nd street to improve geometric deficiencies along route (2024CCN)","","2024","2026","U","SPP","1500000","2030","","",""
"District 11","Whitley","11-80308.00","CS","1132","CS-1132","MINOR WIDENING(O)","0.0","0.6","Widen existing South 2nd street to improve geometric deficiencies along route (2024CCN)","","2024","2026","C","SPP","3000000","2032","","",""
"District 11","Whitley","11-80310.00","US","25","US-25","SAFETY(P)","27.0","27.6","Improve safety by lowering vertical crest on US25W and realigning High Top Road intersection with US25W (2024CCN)","","2024","2026","R","SPP","210000","2029","","",""
"District 11","Whitley","11-80310.00","US","25","US-25","SAFETY(P)","27.0","27.6","Improve safety by lowering vertical crest on US25W and realigning High Top Road intersection with US25W (2024CCN)","","2024","2026","C","SPP","400000","2031","","",""
"District 11","Whitley","11-80310.00","US","25","US-25","SAFETY(P)","27.0","27.6","Improve safety by lowering vertical crest on US25W and realigning High Top Road intersection with US25W (2024CCN)","","2024","2026","U","SPP","250000","2030","","",""
"District 11","Whitley","11-80351.00","CS","2000","CS-2000","CONGESTION MITIGTN(O)","0.0","0.682","Develop and evaluate potential intersection alternatives (including a roundabout) to improve traffic flow at the intersection of Arena Drive (CS 2000) and Corbin Center Drive. (2024CCN)","","2024","2026","R","CRP","110000","2028","","",""
"District 11","Whitley","11-80351.00","CS","2000","CS-2000","CONGESTION MITIGTN(O)","0.0","0.682","Develop and evaluate potential intersection alternatives (including a roundabout) to improve traffic flow at the intersection of Arena Drive (CS 2000) and Corbin Center Drive. (2024CCN)","","2024","2026","U","CRP","260000","2028","","",""
"District 11","Whitley","11-80351.00","CS","2000","CS-2000","CONGESTION MITIGTN(O)","0.0","0.682","Develop and evaluate potential intersection alternatives (including a roundabout) to improve traffic flow at the intersection of Arena Drive (CS 2000) and Corbin Center Drive. (2024CCN)","","2024","2026","C","CRP","1500000","2028","","",""
"District 11","Whitley","11-80353.00","I","75","I-75","MAJOR WIDENING(O)","19.2","23.5","Widen I-75 from MP 19.2 in Whitley County to MP 23.5 South of Corbin (2024CCN)","","2024","2026","D","NH","2600000","2028","","",""
"District 11","Whitley","11-80353.00","I","75","I-75","MAJOR WIDENING(O)","19.2","23.5","Widen I-75 from MP 19.2 in Whitley County to MP 23.5 South of Corbin (2024CCN)","","2024","2026","R","NH","530000","2030","","",""
"District 11","Whitley","11-80353.00","I","75","I-75","MAJOR WIDENING(O)","19.2","23.5","Widen I-75 from MP 19.2 in Whitley County to MP 23.5 South of Corbin (2024CCN)","","2024","2026","C","NH","50000000","2032","","",""
"District 11","Whitley","11-80353.00","I","75","I-75","MAJOR WIDENING(O)","19.2","23.5","Widen I-75 from MP 19.2 in Whitley County to MP 23.5 South of Corbin (2024CCN)","","2024","2026","U","NH","500000","2030","","",""
"District 11","Whitley","11-80354.00","I","75","I-75","MAJOR WIDENING(O)","14.4","19.2","Widen I-75 from MP 14.4 in Whitley County to MP 19.2 (2024CCN)","","2024","2026","R","NH","500000","2031","","",""
"District 11","Whitley","11-80354.00","I","75","I-75","MAJOR WIDENING(O)","14.4","19.2","Widen I-75 from MP 14.4 in Whitley County to MP 19.2 (2024CCN)","","2024","2026","U","NH","500000","2031","","",""
"District 11","Whitley","11-80354.00","I","75","I-75","MAJOR WIDENING(O)","14.4","19.2","Widen I-75 from MP 14.4 in Whitley County to MP 19.2 (2024CCN)","","2024","2026","D","NH","2500000","2030","","",""
"District 11","Whitley","11-80355.00","I","75","I-75","MAJOR WIDENING(O)","10.1","14.4","Widen I-75 from MP 10.1 in Whitley county to MP 14.4 (2024CCN)","","2024","2026","U","NH","500000","2032","","",""
"District 11","Whitley","11-80355.00","I","75","I-75","MAJOR WIDENING(O)","10.1","14.4","Widen I-75 from MP 10.1 in Whitley county to MP 14.4 (2024CCN)","","2024","2026","R","NH","500000","2032","","",""
"District 11","Whitley","11-80405.00","KY","92","KY-92","TRANSP ENHANCEMENT(P)","9.9","10.3","Construct southern backage road with roundabout at KY92 and implement access management west of Penny Lane. Concept 1 from the 11-1 planning study (2026CCN)","","2026","2026","U","SPP","1000000","2031","","",""
"District 11","Whitley","11-80405.00","KY","92","KY-92","TRANSP ENHANCEMENT(P)","9.9","10.3","Construct southern backage road with roundabout at KY92 and implement access management west of Penny Lane. Concept 1 from the 11-1 planning study (2026CCN)","","2026","2026","D","SPP","637000","2029","","",""
"District 11","Whitley","11-80405.00","KY","92","KY-92","TRANSP ENHANCEMENT(P)","9.9","10.3","Construct southern backage road with roundabout at KY92 and implement access management west of Penny Lane. Concept 1 from the 11-1 planning study (2026CCN)","","2026","2026","C","SPP","6370000","2032","","",""
"District 11","Whitley","11-80405.00","KY","92","KY-92","TRANSP ENHANCEMENT(P)","9.9","10.3","Construct southern backage road with roundabout at KY92 and implement access management west of Penny Lane. Concept 1 from the 11-1 planning study (2026CCN)","","2026","2026","R","SPP","1000000","2030","","",""
"District 11","Whitley","11-80406.00","US","25","US-25","CONGESTION MITIGTN(O)","32.5","33.4","Improve mobility and congestion along US25W from 14th Street to KY312. Construct roundabouts at each end of the Main StreetKentucky Avenue couplet. (2026CCN)","","2026","2026","U","SPP","50000","2031","","",""
"District 11","Whitley","11-80406.00","US","25","US-25","CONGESTION MITIGTN(O)","32.5","33.4","Improve mobility and congestion along US25W from 14th Street to KY312. Construct roundabouts at each end of the Main StreetKentucky Avenue couplet. (2026CCN)","","2026","2026","R","SPP","50000","2030","","",""
"District 11","Whitley","11-80406.00","US","25","US-25","CONGESTION MITIGTN(O)","32.5","33.4","Improve mobility and congestion along US25W from 14th Street to KY312. Construct roundabouts at each end of the Main StreetKentucky Avenue couplet. (2026CCN)","","2026","2026","C","SPP","2363000","2032","","",""
"District 11","Whitley","11-80406.00","US","25","US-25","CONGESTION MITIGTN(O)","32.5","33.4","Improve mobility and congestion along US25W from 14th Street to KY312. Construct roundabouts at each end of the Main StreetKentucky Avenue couplet. (2026CCN)","","2026","2026","D","SPP","200000","2029","","",""
"District 11","Whitley","11-80407.00","KY","727","KY-727","SAFETY(P)","3.719","4.499","Address safety and surface condition issues on KY 727 (West 5th Street) from Poplar Street to West 4th Street in Corbin. (2026CCN)","","2026","2026","U","SPP","2050000","2031","","",""
"District 11","Whitley","11-80407.00","KY","727","KY-727","SAFETY(P)","3.719","4.499","Address safety and surface condition issues on KY 727 (West 5th Street) from Poplar Street to West 4th Street in Corbin. (2026CCN)","","2026","2026","D","SPP","500000","2029","","",""
"District 11","Whitley","11-80407.00","KY","727","KY-727","SAFETY(P)","3.719","4.499","Address safety and surface condition issues on KY 727 (West 5th Street) from Poplar Street to West 4th Street in Corbin. (2026CCN)","","2026","2026","C","SPP","5500000","2032","","",""
"District 11","Whitley","11-80407.00","KY","727","KY-727","SAFETY(P)","3.719","4.499","Address safety and surface condition issues on KY 727 (West 5th Street) from Poplar Street to West 4th Street in Corbin. (2026CCN)","","2026","2026","R","SPP","1000000","2030","","",""
"District 11","Whitley","11-80408.00","KY","296","KY-296","REALIGNMENT","0.0","0.824","Address safety concerns and horizontal alignment with curve just passed Brush Arbor Road, as well as adding sidewalks to roadway. (2026CCN)","","2026","2026","D","SPP","300000","2029","","",""
"District 11","Whitley","11-80408.00","KY","296","KY-296","REALIGNMENT","0.0","0.824","Address safety concerns and horizontal alignment with curve just passed Brush Arbor Road, as well as adding sidewalks to roadway. (2026CCN)","","2026","2026","U","SPP","500000","2031","","",""
"District 11","Whitley","11-80408.00","KY","296","KY-296","REALIGNMENT","0.0","0.824","Address safety concerns and horizontal alignment with curve just passed Brush Arbor Road, as well as adding sidewalks to roadway. (2026CCN)","","2026","2026","C","SPP","3000000","2032","","",""
"District 11","Whitley","11-80408.00","KY","296","KY-296","REALIGNMENT","0.0","0.824","Address safety concerns and horizontal alignment with curve just passed Brush Arbor Road, as well as adding sidewalks to roadway. (2026CCN)","","2026","2026","R","SPP","1000000","2030","","",""
"District 11","Whitley","11-80414.00","PF","9999","PF-9999","NEW ROUTE(O)","","","Construct new access to Corbin Arena to help with ingress and egress. Memorandum of Agreement with City of Corbin to construct. (2026CCN)","","2026","2026","C","SPP","6000000","2028","","",""
"District 11","Whitley","11-80414.00","PF","9999","PF-9999","NEW ROUTE(O)","","","Construct new access to Corbin Arena to help with ingress and egress. Memorandum of Agreement with City of Corbin to construct. (2026CCN)","","2026","2026","R","SPP","650000","2027","","",""
"District 11","Whitley","11-80414.00","PF","9999","PF-9999","NEW ROUTE(O)","","","Construct new access to Corbin Arena to help with ingress and egress. Memorandum of Agreement with City of Corbin to construct. (2026CCN)","","2026","2026","D","SPP","750000","2027","","",""
"District 11","Whitley","11-80414.00","PF","9999","PF-9999","NEW ROUTE(O)","","","Construct new access to Corbin Arena to help with ingress and egress. Memorandum of Agreement with City of Corbin to construct. (2026CCN)","","2026","2026","U","SPP","415000","2028","","",""
"District 11","Whitley","11-80415.00","US","25","US-25","RECONSTRUCTION(O)","19.7","19.9","Improve safety by reconstructing intersection of US-25W and Angel Road (2026CCN)","","2026","2026","D","NH","350000","2026","","",""
"District 11","Whitley","11-80415.00","US","25","US-25","RECONSTRUCTION(O)","19.7","19.9","Improve safety by reconstructing intersection of US-25W and Angel Road (2026CCN)","","2026","2026","C","NH","1250000","2030","","",""
"District 11","Whitley","11-80415.00","US","25","US-25","RECONSTRUCTION(O)","19.7","19.9","Improve safety by reconstructing intersection of US-25W and Angel Road (2026CCN)","","2026","2026","R","NH","500000","2029","","",""
"District 11","Whitley","11-80415.00","US","25","US-25","RECONSTRUCTION(O)","19.7","19.9","Improve safety by reconstructing intersection of US-25W and Angel Road (2026CCN)","","2026","2026","U","NH","300000","2029","","",""
"District 11","Whitley","11-80416.00","US","25","US-25","RECONSTRUCTION(O)","27.3","27.35","Improve safety by rescontructing intersection of US-25W and Hightop Road (2026CCN)","","2026","2026","R","NH","500000","2030","","",""
"District 11","Whitley","11-80416.00","US","25","US-25","RECONSTRUCTION(O)","27.3","27.35","Improve safety by rescontructing intersection of US-25W and Hightop Road (2026CCN)","","2026","2026","D","NH","400000","2029","","",""
"District 11","Whitley","11-80416.00","US","25","US-25","RECONSTRUCTION(O)","27.3","27.35","Improve safety by rescontructing intersection of US-25W and Hightop Road (2026CCN)","","2026","2026","U","NH","300000","2031","","",""
"District 11","Whitley","11-80416.00","US","25","US-25","RECONSTRUCTION(O)","27.3","27.35","Improve safety by rescontructing intersection of US-25W and Hightop Road (2026CCN)","","2026","2026","C","NH","1250000","2032","","",""
"District 11","Whitley","11-80417.00","CR","1305","CR-1305","CONGESTION MITIGTN(O)","0.0","0.45","Safety improvements & congestion relief on KY92 by providing circulation through the corridor (2026CCN)","","2026","2026","R","SPP","1357000","2029","","",""
"District 11","Whitley","11-80417.00","CR","1305","CR-1305","CONGESTION MITIGTN(O)","0.0","0.45","Safety improvements & congestion relief on KY92 by providing circulation through the corridor (2026CCN)","","2026","2026","D","SPP","637000","2026","","",""
"District 11","Whitley","11-80417.00","CR","1305","CR-1305","CONGESTION MITIGTN(O)","0.0","0.45","Safety improvements & congestion relief on KY92 by providing circulation through the corridor (2026CCN)","","2026","2026","U","SPP","1000000","2029","","",""
"District 11","Whitley","11-80417.00","CR","1305","CR-1305","CONGESTION MITIGTN(O)","0.0","0.45","Safety improvements & congestion relief on KY92 by providing circulation through the corridor (2026CCN)","","2026","2026","C","SPP","6370000","2030","","",""
"District 11","Whitley","11-80418.00","KY","727","KY-727","SAFETY(P)","0.0","1.4","Improve safety by correcting substandard geometry (2026CCN)","","2026","2026","R","SPP","2000000","2030","","",""
"District 11","Whitley","11-80418.00","KY","727","KY-727","SAFETY(P)","0.0","1.4","Improve safety by correcting substandard geometry (2026CCN)","","2026","2026","C","SPP","3500000","2032","","",""
"District 11","Whitley","11-80418.00","KY","727","KY-727","SAFETY(P)","0.0","1.4","Improve safety by correcting substandard geometry (2026CCN)","","2026","2026","D","SPP","1000000","2029","","",""
"District 11","Whitley","11-80418.00","KY","727","KY-727","SAFETY(P)","0.0","1.4","Improve safety by correcting substandard geometry (2026CCN)","","2026","2026","U","SPP","2250000","2031","","",""
"District 11","Whitley","11-80427.00","US","25","US-25","CONGESTION MITIGTN(O)","30.0","32.1","Intersection Improvements on 18th Street (US 25W) (2026CCN)","","2026","2026","D","SPP","150000","2027","","",""
"District 11","Whitley","11-80427.00","US","25","US-25","CONGESTION MITIGTN(O)","30.0","32.1","Intersection Improvements on 18th Street (US 25W) (2026CCN)","","2026","2026","C","SPP","500000","2029","","",""
"District 11","Whitley","11-80427.00","US","25","US-25","CONGESTION MITIGTN(O)","30.0","32.1","Intersection Improvements on 18th Street (US 25W) (2026CCN)","","2026","2026","R","SPP","1000000","2027","","",""
"District 11","Whitley","11-80427.00","US","25","US-25","CONGESTION MITIGTN(O)","30.0","32.1","Intersection Improvements on 18th Street (US 25W) (2026CCN)","","2026","2026","U","SPP","295000","2029","","",""
"District 11","Whitley","11-80428.00","KY","312","KY-312","DRAINAGE IMPROVE(P)","0.0","0.9","Convert Master Street (KY 312) from rural to urban section with curb, gutter and storm sewers. (2026CCN)","","2026","2026","C","SPP","1600000","2031","","",""
"District 11","Whitley","11-80428.00","KY","312","KY-312","DRAINAGE IMPROVE(P)","0.0","0.9","Convert Master Street (KY 312) from rural to urban section with curb, gutter and storm sewers. (2026CCN)","","2026","2026","D","SPP","250000","2029","","",""
"District 11","Whitley","11-80428.00","KY","312","KY-312","DRAINAGE IMPROVE(P)","0.0","0.9","Convert Master Street (KY 312) from rural to urban section with curb, gutter and storm sewers. (2026CCN)","","2026","2026","U","SPP","1330000","2030","","",""
"District 11","Whitley","11-80428.00","KY","312","KY-312","DRAINAGE IMPROVE(P)","0.0","0.9","Convert Master Street (KY 312) from rural to urban section with curb, gutter and storm sewers. (2026CCN)","","2026","2026","R","SPP","250000","2030","","",""
"District 11","Whitley","11-80430.00","CS","2212","CS-2212","REALIGNMENT","0.18","0.2","Sight distance improvement on Depot Street (CS 2212) (2026CCN)","","2026","2026","U","SPP","500000","2027","","",""
"District 11","Whitley","11-80430.00","CS","2212","CS-2212","REALIGNMENT","0.18","0.2","Sight distance improvement on Depot Street (CS 2212) (2026CCN)","","2026","2026","R","SPP","75000","2027","","",""
"District 11","Whitley","11-80430.00","CS","2212","CS-2212","REALIGNMENT","0.18","0.2","Sight distance improvement on Depot Street (CS 2212) (2026CCN)","","2026","2026","C","SPP","500000","2027","","",""
"District 11","Whitley","11-80430.00","CS","2212","CS-2212","REALIGNMENT","0.18","0.2","Sight distance improvement on Depot Street (CS 2212) (2026CCN)","","2026","2026","D","SPP","100000","2026","","",""
"District 11","Whitley","11-80431.00","CS","2028","CS-2028","CONGESTION MITIGTN(O)","0.16","0.182","Re-establish Frank Selvy Way (CS 2180) as 14 feet one way vehicular lane, relocate pole near Barbourville St. Bridge and intersection improvements at Roy Kidd Ave and South Laurel Ave. (2026CCN)","","2026","2026","R","SPP","80000","2027","","",""
"District 11","Whitley","11-80431.00","CS","2028","CS-2028","CONGESTION MITIGTN(O)","0.16","0.182","Re-establish Frank Selvy Way (CS 2180) as 14 feet one way vehicular lane, relocate pole near Barbourville St. Bridge and intersection improvements at Roy Kidd Ave and South Laurel Ave. (2026CCN)","","2026","2026","C","SPP","300000","2028","","",""
"District 11","Whitley","11-80431.00","CS","2028","CS-2028","CONGESTION MITIGTN(O)","0.16","0.182","Re-establish Frank Selvy Way (CS 2180) as 14 feet one way vehicular lane, relocate pole near Barbourville St. Bridge and intersection improvements at Roy Kidd Ave and South Laurel Ave. (2026CCN)","","2026","2026","D","SPP","100000","2026","","",""
"District 11","Whitley","11-80431.00","CS","2028","CS-2028","CONGESTION MITIGTN(O)","0.16","0.182","Re-establish Frank Selvy Way (CS 2180) as 14 feet one way vehicular lane, relocate pole near Barbourville St. Bridge and intersection improvements at Roy Kidd Ave and South Laurel Ave. (2026CCN)","","2026","2026","U","SPP","150000","2027","","",""
"District 11","Whitley","11-80432.00","CS","2017","CS-2017","DRAINAGE IMPROVE(P)","0.34","0.41","Improve curb and gutter on 7th Street from Steele Street to Sycamore Avenue (2026CCN)","","2026","2026","R","SPP","25000","2029","","",""
"District 11","Whitley","11-80432.00","CS","2017","CS-2017","DRAINAGE IMPROVE(P)","0.34","0.41","Improve curb and gutter on 7th Street from Steele Street to Sycamore Avenue (2026CCN)","","2026","2026","D","SPP","100000","2029","","",""
"District 11","Whitley","11-80432.00","CS","2017","CS-2017","DRAINAGE IMPROVE(P)","0.34","0.41","Improve curb and gutter on 7th Street from Steele Street to Sycamore Avenue (2026CCN)","","2026","2026","U","SPP","145000","2029","","",""
"District 11","Whitley","11-80432.00","CS","2017","CS-2017","DRAINAGE IMPROVE(P)","0.34","0.41","Improve curb and gutter on 7th Street from Steele Street to Sycamore Avenue (2026CCN)","","2026","2026","C","SPP","200000","2029","","",""
